#ifndef IMAGES_H
#define IMAGES_H

// Reflow icon
const uint8_t Menu_icon_1[] = {
  0x00, 0x00, 0x00, 0x00, 0x00, 0x00, 0x00, 0x00, 0x00, 0x00, 0x00, 0x00, 0x00, 0x00, 0x00, 0x00, 0x00, 0x00, 0x00, 0x00, 0x00, 0x00, 0x00, 0x00, 0x00, 0x00, 0x00, 0x00, 0x00, 0x00, 0x00, 0x00, 
  0x00, 0x00, 0x00, 0x00, 0x00, 0x00, 0x00, 0x00, 0x00, 0x00, 0x00, 0x00, 0x00, 0x00, 0x00, 0x00, 0x00, 0x00, 0x00, 0x00, 0x00, 0x00, 0x00, 0x00, 0x00, 0x00, 0x00, 0x00, 0x00, 0x00, 0x00, 0x00, 
  0x00, 0x00, 0x00, 0x00, 0x00, 0x00, 0x00, 0x00, 0x00, 0x00, 0x00, 0x00, 0x00, 0x00, 0x00, 0x00, 0x00, 0x00, 0x00, 0x00, 0x00, 0x00, 0x00, 0x00, 0x00, 0x00, 0x00, 0x00, 0x00, 0x00, 0x00, 0x00, 
  0x00, 0x00, 0x49, 0xfc, 0x00, 0x00, 0x00, 0x00, 0x49, 0xfc, 0x00, 0x00, 0x00, 0x00, 0xa9, 0xfb, 0x00, 0x00, 0x00, 0x00, 0x87, 0xf3, 0x00, 0x00, 0x00, 0x00, 0xa7, 0xf2, 0x00, 0x00, 0x00, 0x00, 
  0x00, 0x00, 0x49, 0xfc, 0x00, 0x00, 0x00, 0x00, 0x49, 0xfc, 0x00, 0x00, 0x00, 0x00, 0xa9, 0xfb, 0x00, 0x00, 0x00, 0x00, 0x87, 0xf3, 0x00, 0x00, 0x00, 0x00, 0xa7, 0xf2, 0x00, 0x00, 0x00, 0x00, 
  0x00, 0x00, 0x49, 0xfc, 0x49, 0xfc, 0x00, 0x00, 0x49, 0xfc, 0xa9, 0xfb, 0x00, 0x00, 0xa9, 0xfb, 0x87, 0xf3, 0x00, 0x00, 0x87, 0xf3, 0xa7, 0xf2, 0x00, 0x00, 0xa7, 0xf2, 0xa7, 0xf2, 0x00, 0x00, 
  0x00, 0x00, 0x00, 0x00, 0x49, 0xfc, 0x00, 0x00, 0x00, 0x00, 0xa9, 0xfb, 0x00, 0x00, 0x00, 0x00, 0x87, 0xf3, 0x00, 0x00, 0x00, 0x00, 0xa7, 0xf2, 0x00, 0x00, 0x00, 0x00, 0xa7, 0xf2, 0x00, 0x00, 
  0x00, 0x00, 0x00, 0x00, 0x49, 0xfc, 0x00, 0x00, 0x00, 0x00, 0xa9, 0xfb, 0x00, 0x00, 0x00, 0x00, 0x87, 0xf3, 0x00, 0x00, 0x00, 0x00, 0xa7, 0xf2, 0x00, 0x00, 0x00, 0x00, 0xa7, 0xf2, 0x00, 0x00, 
  0x00, 0x00, 0x00, 0x00, 0x00, 0x00, 0x00, 0x00, 0x00, 0x00, 0x00, 0x00, 0x00, 0x00, 0x00, 0x00, 0x00, 0x00, 0x00, 0x00, 0x00, 0x00, 0x00, 0x00, 0x00, 0x00, 0x00, 0x00, 0x00, 0x00, 0x00, 0x00, 
  0x00, 0x00, 0x00, 0x00, 0x00, 0x00, 0x00, 0x00, 0x00, 0x00, 0x00, 0x00, 0x00, 0x00, 0x00, 0x00, 0x00, 0x00, 0x00, 0x00, 0x00, 0x00, 0x00, 0x00, 0x00, 0x00, 0x00, 0x00, 0x00, 0x00, 0x00, 0x00, 
  0x1e, 0xae, 0x1e, 0xae, 0x1e, 0xae, 0x1e, 0xae, 0x1e, 0xae, 0x1e, 0xae, 0x1e, 0xae, 0x1e, 0xae, 0x1e, 0xae, 0x1e, 0xae, 0x1e, 0xae, 0x1e, 0xae, 0x1e, 0xae, 0x1e, 0xae, 0x1e, 0xae, 0x1e, 0xae, 
  0x7d, 0x8d, 0x7d, 0x8d, 0x7d, 0x8d, 0x7d, 0x8d, 0x7d, 0x8d, 0x7d, 0x8d, 0x7d, 0x8d, 0x7d, 0x8d, 0x7d, 0x8d, 0x7d, 0x8d, 0x7d, 0x8d, 0x7d, 0x8d, 0x7d, 0x8d, 0x7d, 0x8d, 0x7d, 0x8d, 0x7d, 0x8d, 
  0x00, 0x00, 0x00, 0x00, 0x00, 0x00, 0x00, 0x00, 0x00, 0x00, 0x00, 0x00, 0x00, 0x00, 0x00, 0x00, 0x00, 0x00, 0x00, 0x00, 0x00, 0x00, 0x00, 0x00, 0x00, 0x00, 0x00, 0x00, 0x00, 0x00, 0x00, 0x00, 
  0x00, 0x00, 0x00, 0x00, 0x00, 0x00, 0x00, 0x00, 0x00, 0x00, 0x00, 0x00, 0x00, 0x00, 0x00, 0x00, 0x00, 0x00, 0x00, 0x00, 0x00, 0x00, 0x00, 0x00, 0x00, 0x00, 0x00, 0x00, 0x00, 0x00, 0x00, 0x00, 
  0x00, 0x00, 0x00, 0x00, 0x00, 0x00, 0x00, 0x00, 0x00, 0x00, 0x00, 0x00, 0x00, 0x00, 0x00, 0x00, 0x00, 0x00, 0x00, 0x00, 0x00, 0x00, 0x00, 0x00, 0x00, 0x00, 0x00, 0x00, 0x00, 0x00, 0x00, 0x00, 
  0x00, 0x00, 0x00, 0x00, 0x00, 0x00, 0x00, 0x00, 0x00, 0x00, 0x00, 0x00, 0x00, 0x00, 0x00, 0x00, 0x00, 0x00, 0x00, 0x00, 0x00, 0x00, 0x00, 0x00, 0x00, 0x00, 0x00, 0x00, 0x00, 0x00, 0x00, 0x00, 
};
const size_t Menu_icon_1_size {sizeof(Menu_icon_1) / sizeof(Menu_icon_1[0])};

// Heat icon
const uint8_t Menu_icon_2[] = {
  0x00, 0x00, 0x00, 0x00, 0x00, 0x00, 0x00, 0x00, 0x00, 0x00, 0x00, 0x00, 0x00, 0x00, 0x49, 0xea, 0x69, 0xf2, 0x00, 0x00, 0x00, 0x00, 0x00, 0x00, 0x00, 0x00, 0x00, 0x00, 0x00, 0x00, 0x00, 0x00, 
  0x00, 0x00, 0x00, 0x00, 0x00, 0x00, 0x00, 0x00, 0x00, 0x00, 0x00, 0x00, 0x29, 0xea, 0xaa, 0xf2, 0x8a, 0xf2, 0x48, 0xea, 0x00, 0x00, 0x00, 0x00, 0x00, 0x00, 0x00, 0x00, 0x00, 0x00, 0x00, 0x00, 
  0x00, 0x00, 0x00, 0x00, 0x00, 0x00, 0x00, 0x00, 0x00, 0x00, 0x00, 0x00, 0x69, 0xf2, 0xaa, 0xf2, 0xaa, 0xf2, 0x69, 0xea, 0x00, 0x00, 0x00, 0x00, 0x00, 0x00, 0x00, 0x00, 0x00, 0x00, 0x00, 0x00, 
  0x00, 0x00, 0x00, 0x00, 0x00, 0x00, 0x00, 0x00, 0x00, 0x00, 0x49, 0xea, 0xaa, 0xf2, 0xaa, 0xf2, 0xaa, 0xf2, 0x8a, 0xf2, 0x08, 0xea, 0x00, 0x00, 0x00, 0x00, 0x00, 0x00, 0x00, 0x00, 0x00, 0x00, 
  0x00, 0x00, 0x00, 0x00, 0x00, 0x00, 0x00, 0x00, 0x00, 0x00, 0x69, 0xf2, 0xaa, 0xf2, 0xaa, 0xf2, 0xaa, 0xf2, 0xaa, 0xf2, 0x49, 0xea, 0x45, 0xda, 0xa6, 0xd1, 0x00, 0x00, 0x00, 0x00, 0x00, 0x00, 
  0x00, 0x00, 0x00, 0x00, 0x00, 0x00, 0x00, 0x00, 0x08, 0xfa, 0x8a, 0xf2, 0xaa, 0xf2, 0xaa, 0xf2, 0xaa, 0xf2, 0xaa, 0xf2, 0x69, 0xf2, 0x28, 0xea, 0xe7, 0xe9, 0x00, 0x00, 0x00, 0x00, 0x00, 0x00, 
  0x00, 0x00, 0x00, 0x00, 0x00, 0x00, 0x00, 0x00, 0x49, 0xf2, 0xaa, 0xf2, 0xaa, 0xf2, 0xaa, 0xf2, 0xaa, 0xf2, 0xaa, 0xf2, 0xaa, 0xf2, 0xaa, 0xf2, 0xe7, 0xe9, 0xe7, 0xe9, 0x00, 0x00, 0x00, 0x00, 
  0x00, 0x00, 0x00, 0x00, 0x69, 0xf2, 0x69, 0xf2, 0x49, 0xea, 0xaa, 0xf2, 0xaa, 0xf2, 0xaa, 0xf2, 0xaa, 0xf2, 0xaa, 0xf2, 0xaa, 0xf2, 0xaa, 0xf2, 0x28, 0xea, 0xe7, 0xe9, 0x00, 0x00, 0x00, 0x00, 
  0x00, 0x00, 0x00, 0x00, 0x69, 0xf2, 0x69, 0xf2, 0x69, 0xf2, 0xaa, 0xf2, 0xaa, 0xf2, 0xca, 0xf2, 0xca, 0xf2, 0xaa, 0xf2, 0xaa, 0xf2, 0xaa, 0xf2, 0x49, 0xea, 0xc7, 0xe9, 0x00, 0x00, 0x00, 0x00, 
  0x00, 0x00, 0x00, 0x00, 0x89, 0xf2, 0xaa, 0xf2, 0x8a, 0xf2, 0xaa, 0xf2, 0xaa, 0xf2, 0xaa, 0xfe, 0xaa, 0xfd, 0xaa, 0xf2, 0xaa, 0xf2, 0xaa, 0xf2, 0x69, 0xf2, 0xc7, 0xe9, 0x00, 0x00, 0x00, 0x00, 
  0x00, 0x00, 0x00, 0x00, 0x69, 0xf2, 0xaa, 0xf2, 0xaa, 0xf2, 0xaa, 0xf2, 0xaa, 0xfd, 0x8b, 0xff, 0x0a, 0xff, 0x89, 0xf3, 0xaa, 0xf2, 0xaa, 0xf2, 0x48, 0xea, 0xc7, 0xe9, 0x00, 0x00, 0x00, 0x00, 
  0x00, 0x00, 0x00, 0x00, 0x69, 0xea, 0xaa, 0xf2, 0xaa, 0xf2, 0xaa, 0xf2, 0x4a, 0xff, 0x8b, 0xff, 0x8b, 0xff, 0x88, 0xfe, 0xaa, 0xf2, 0xaa, 0xf2, 0x07, 0xea, 0xc7, 0xe9, 0x00, 0x00, 0x00, 0x00, 
  0x00, 0x00, 0x00, 0x00, 0x28, 0xea, 0xaa, 0xf2, 0xaa, 0xf2, 0xaa, 0xf2, 0x6b, 0xff, 0x8b, 0xff, 0x8b, 0xff, 0xa7, 0xfe, 0xaa, 0xf2, 0x69, 0xf2, 0xc7, 0xe9, 0xc7, 0xe9, 0x00, 0x00, 0x00, 0x00, 
  0x00, 0x00, 0x00, 0x00, 0x00, 0x00, 0x49, 0xea, 0xaa, 0xf2, 0xaa, 0xf2, 0xc9, 0xfd, 0x4a, 0xff, 0x08, 0xff, 0xa8, 0xfc, 0x69, 0xf2, 0xe7, 0xe9, 0xc7, 0xe9, 0x00, 0x00, 0x00, 0x00, 0x00, 0x00, 
  0x00, 0x00, 0x00, 0x00, 0x00, 0x00, 0x00, 0x00, 0x49, 0xea, 0x8a, 0xf2, 0xaa, 0xf2, 0x2a, 0xf3, 0x09, 0xf3, 0x28, 0xea, 0xe7, 0xe9, 0xc7, 0xe9, 0x00, 0x00, 0x00, 0x00, 0x00, 0x00, 0x00, 0x00, 
  0x00, 0x00, 0x00, 0x00, 0x00, 0x00, 0x00, 0x00, 0x00, 0x00, 0x86, 0xe9, 0x07, 0xea, 0xe7, 0xe9, 0xe7, 0xe9, 0xe7, 0xe9, 0x86, 0xe9, 0x00, 0x00, 0x00, 0x00, 0x00, 0x00, 0x00, 0x00, 0x00, 0x00, 
};
const size_t Menu_icon_2_size {sizeof(Menu_icon_2) / sizeof(Menu_icon_2[0])};

// Profile icon
const uint8_t Menu_icon_3[] = {
  0xfd, 0x22, 0x00, 0x00, 0x00, 0x00, 0x00, 0x00, 0x00, 0x00, 0x00, 0x00, 0x00, 0x00, 0x00, 0x00, 0x00, 0x00, 0x00, 0x00, 0x00, 0x00, 0x00, 0x00, 0x00, 0x00, 0x00, 0x00, 0x00, 0x00, 0x00, 0x00, 
  0xfd, 0x22, 0x00, 0x00, 0x00, 0x00, 0x00, 0x00, 0x00, 0x00, 0x00, 0x00, 0x00, 0x00, 0x00, 0x00, 0x00, 0x00, 0x00, 0x00, 0x00, 0x00, 0x00, 0x00, 0x00, 0x00, 0x00, 0x00, 0x00, 0x00, 0x00, 0x00, 
  0xfd, 0x22, 0x00, 0x00, 0x00, 0x00, 0x00, 0x00, 0x00, 0x00, 0x00, 0x00, 0x00, 0x00, 0x00, 0x00, 0x00, 0x00, 0x00, 0x00, 0x00, 0x00, 0x00, 0x00, 0x00, 0x00, 0x00, 0x00, 0x00, 0x00, 0x00, 0x00, 
  0xfd, 0x22, 0x00, 0x00, 0x00, 0x00, 0x00, 0x00, 0x00, 0x00, 0x00, 0x00, 0x00, 0x00, 0x00, 0x00, 0xea, 0x35, 0xea, 0x35, 0xea, 0x35, 0x00, 0x00, 0x00, 0x00, 0x00, 0x00, 0x00, 0x00, 0x00, 0x00, 
  0xfd, 0x22, 0x00, 0x00, 0x00, 0x00, 0x00, 0x00, 0x00, 0x00, 0x00, 0x00, 0x00, 0x00, 0xea, 0x35, 0x00, 0x00, 0x00, 0x00, 0x00, 0x00, 0xea, 0x35, 0x00, 0x00, 0x00, 0x00, 0x00, 0x00, 0x00, 0x00, 
  0xfd, 0x22, 0x00, 0x00, 0x00, 0x00, 0x00, 0x00, 0x00, 0x00, 0x00, 0x00, 0x00, 0x00, 0xea, 0x35, 0x00, 0x00, 0x00, 0x00, 0x00, 0x00, 0x00, 0x00, 0xea, 0x35, 0x00, 0x00, 0x00, 0x00, 0x00, 0x00, 
  0xfd, 0x22, 0x00, 0x00, 0x00, 0x00, 0x00, 0x00, 0x00, 0x00, 0x00, 0x00, 0xea, 0x35, 0x00, 0x00, 0x00, 0x00, 0x00, 0x00, 0x00, 0x00, 0x00, 0x00, 0xea, 0x35, 0x00, 0x00, 0x00, 0x00, 0x00, 0x00, 
  0xfd, 0x22, 0x00, 0x00, 0x00, 0x00, 0x00, 0x00, 0x00, 0x00, 0xea, 0x35, 0x00, 0x00, 0x00, 0x00, 0x00, 0x00, 0x00, 0x00, 0x00, 0x00, 0x00, 0x00, 0x00, 0x00, 0xea, 0x35, 0x00, 0x00, 0x00, 0x00, 
  0xfd, 0x22, 0x00, 0x00, 0x00, 0x00, 0x00, 0x00, 0xea, 0x35, 0x00, 0x00, 0x00, 0x00, 0x00, 0x00, 0x00, 0x00, 0x00, 0x00, 0x00, 0x00, 0x00, 0x00, 0x00, 0x00, 0x00, 0x00, 0xea, 0x35, 0x00, 0x00, 
  0xfd, 0x22, 0x00, 0x00, 0x00, 0x00, 0x00, 0x00, 0xea, 0x35, 0x00, 0x00, 0x00, 0x00, 0x00, 0x00, 0x00, 0x00, 0x00, 0x00, 0x00, 0x00, 0x00, 0x00, 0x00, 0x00, 0x00, 0x00, 0x00, 0x00, 0xea, 0x35, 
  0xfd, 0x22, 0x00, 0x00, 0x00, 0x00, 0xea, 0x35, 0x00, 0x00, 0x00, 0x00, 0x00, 0x00, 0x00, 0x00, 0x00, 0x00, 0x00, 0x00, 0x00, 0x00, 0x00, 0x00, 0x00, 0x00, 0x00, 0x00, 0x00, 0x00, 0x00, 0x00, 
  0xfd, 0x22, 0x00, 0x00, 0x00, 0x00, 0xea, 0x35, 0x00, 0x00, 0x00, 0x00, 0x00, 0x00, 0x00, 0x00, 0x00, 0x00, 0x00, 0x00, 0x00, 0x00, 0x00, 0x00, 0x00, 0x00, 0x00, 0x00, 0x00, 0x00, 0x00, 0x00, 
  0xfd, 0x22, 0x00, 0x00, 0xea, 0x35, 0x00, 0x00, 0x00, 0x00, 0x00, 0x00, 0x00, 0x00, 0x00, 0x00, 0x00, 0x00, 0x00, 0x00, 0x00, 0x00, 0x00, 0x00, 0x00, 0x00, 0x00, 0x00, 0x00, 0x00, 0x00, 0x00, 
  0xfd, 0x22, 0x00, 0x00, 0xea, 0x35, 0x00, 0x00, 0x00, 0x00, 0x00, 0x00, 0x00, 0x00, 0x00, 0x00, 0x00, 0x00, 0x00, 0x00, 0x00, 0x00, 0x00, 0x00, 0x00, 0x00, 0x00, 0x00, 0x00, 0x00, 0x00, 0x00, 
  0xfd, 0x22, 0xea, 0x35, 0x00, 0x00, 0x00, 0x00, 0x00, 0x00, 0x00, 0x00, 0x00, 0x00, 0x00, 0x00, 0x00, 0x00, 0x00, 0x00, 0x00, 0x00, 0x00, 0x00, 0x00, 0x00, 0x00, 0x00, 0x00, 0x00, 0x00, 0x00, 
  0xfd, 0x22, 0xfd, 0x22, 0xfd, 0x22, 0xfd, 0x22, 0xfd, 0x22, 0xfd, 0x22, 0xfd, 0x22, 0xfd, 0x22, 0xfd, 0x22, 0xfd, 0x22, 0xfd, 0x22, 0xfd, 0x22, 0xfd, 0x22, 0xfd, 0x22, 0xfd, 0x22, 0xfd, 0x22, 
};
const size_t Menu_icon_3_size {sizeof(Menu_icon_3) / sizeof(Menu_icon_3[0])};

// Settings icon
const uint8_t Menu_icon_4[] = {
  0x00, 0x00, 0x00, 0x00, 0x00, 0x00, 0x00, 0x00, 0x00, 0x00, 0x00, 0x00, 0x00, 0x00, 0x8f, 0x5b, 0x8f, 0x5b, 0x00, 0x00, 0x00, 0x00, 0x00, 0x00, 0x00, 0x00, 0x00, 0x00, 0x00, 0x00, 0x00, 0x00, 
  0x00, 0x00, 0x00, 0x00, 0x00, 0x00, 0x00, 0x00, 0x00, 0x00, 0x00, 0x00, 0x8f, 0x5b, 0x8f, 0x5b, 0x8f, 0x5b, 0x8f, 0x53, 0x00, 0x00, 0x00, 0x00, 0x00, 0x00, 0x00, 0x00, 0x00, 0x00, 0x00, 0x00, 
  0x00, 0x00, 0x00, 0x00, 0x00, 0x00, 0x0d, 0x4b, 0x2d, 0x4b, 0x00, 0x00, 0x8f, 0x53, 0x8f, 0x5b, 0x8f, 0x5b, 0x8f, 0x5b, 0x00, 0x00, 0x8f, 0x5b, 0x8f, 0x5b, 0x00, 0x00, 0x00, 0x00, 0x00, 0x00, 
  0x00, 0x00, 0x00, 0x00, 0x0d, 0x4b, 0xed, 0x4a, 0xed, 0x4a, 0x4e, 0x53, 0x8f, 0x5b, 0x8f, 0x5b, 0x8f, 0x5b, 0x8f, 0x5b, 0x8f, 0x5b, 0x8f, 0x5b, 0x8f, 0x5b, 0x8f, 0x5b, 0x00, 0x00, 0x00, 0x00, 
  0x00, 0x00, 0x00, 0x00, 0x2d, 0x4b, 0xed, 0x4a, 0xed, 0x4a, 0xd0, 0x63, 0xf8, 0xb5, 0x5a, 0xbe, 0x5a, 0xc6, 0xf8, 0xad, 0x52, 0x74, 0x8f, 0x5b, 0x8f, 0x5b, 0x8f, 0x5b, 0x00, 0x00, 0x00, 0x00, 
  0x00, 0x00, 0x00, 0x00, 0x00, 0x00, 0xed, 0x4a, 0xaf, 0x63, 0x39, 0xbe, 0xbb, 0xce, 0x39, 0xbe, 0x39, 0xbe, 0xbb, 0xce, 0x9b, 0xce, 0xf1, 0x63, 0x8f, 0x5b, 0x00, 0x00, 0x00, 0x00, 0x00, 0x00, 
  0x00, 0x00, 0x2e, 0x4b, 0x0d, 0x4b, 0xed, 0x4a, 0xd8, 0xad, 0xbb, 0xce, 0x76, 0x9d, 0x36, 0x95, 0x36, 0x95, 0x77, 0x9d, 0xbb, 0xce, 0xb8, 0xad, 0x8f, 0x5b, 0x8f, 0x5b, 0x8f, 0x5b, 0x00, 0x00, 
  0x0e, 0x53, 0xed, 0x4a, 0xed, 0x4a, 0xed, 0x4a, 0x5a, 0xbe, 0x39, 0xbe, 0x36, 0x95, 0x36, 0x95, 0x36, 0x95, 0x36, 0x95, 0x39, 0xbe, 0xbb, 0xce, 0x8f, 0x5b, 0x8f, 0x5b, 0x8f, 0x5b, 0x6f, 0x5b, 
  0x0e, 0x53, 0xed, 0x4a, 0xed, 0x4a, 0xed, 0x4a, 0x5a, 0xc6, 0x39, 0xbe, 0x36, 0x95, 0x36, 0x95, 0x36, 0x95, 0x36, 0x95, 0x39, 0xbe, 0xbb, 0xce, 0x8f, 0x5b, 0x8f, 0x5b, 0x8f, 0x5b, 0x6f, 0x5b, 
  0x00, 0x00, 0x2e, 0x4b, 0x0d, 0x4b, 0xed, 0x4a, 0xd7, 0xad, 0xbb, 0xce, 0x77, 0x9d, 0x36, 0x95, 0x36, 0x95, 0x77, 0x9d, 0xbb, 0xce, 0xb7, 0xad, 0x8f, 0x5b, 0x8f, 0x5b, 0x8f, 0x5b, 0x00, 0x00, 
  0x00, 0x00, 0x00, 0x00, 0x00, 0x00, 0xed, 0x4a, 0xd0, 0x6b, 0x9a, 0xce, 0xbb, 0xce, 0x39, 0xbe, 0x39, 0xbe, 0xbb, 0xce, 0x9b, 0xce, 0xf1, 0x63, 0x8f, 0x5b, 0x00, 0x00, 0x00, 0x00, 0x00, 0x00, 
  0x00, 0x00, 0x00, 0x00, 0x2d, 0x4b, 0xed, 0x4a, 0xed, 0x4a, 0x6e, 0x5b, 0x97, 0xa5, 0x9b, 0xce, 0x9b, 0xce, 0x97, 0xa5, 0xd0, 0x63, 0x8f, 0x5b, 0x8f, 0x5b, 0x8f, 0x5b, 0x00, 0x00, 0x00, 0x00, 
  0x00, 0x00, 0x00, 0x00, 0x0d, 0x4b, 0xed, 0x4a, 0xed, 0x4a, 0xed, 0x4a, 0xed, 0x4a, 0xed, 0x4a, 0xed, 0x4a, 0xed, 0x4a, 0xed, 0x4a, 0x2e, 0x53, 0x6f, 0x53, 0x8f, 0x5b, 0x00, 0x00, 0x00, 0x00, 
  0x00, 0x00, 0x00, 0x00, 0x00, 0x00, 0x0d, 0x4b, 0x2d, 0x4b, 0x00, 0x00, 0x0d, 0x4b, 0xed, 0x4a, 0xed, 0x4a, 0x0d, 0x4b, 0x00, 0x00, 0x2d, 0x4b, 0x0d, 0x4b, 0x00, 0x00, 0x00, 0x00, 0x00, 0x00, 
  0x00, 0x00, 0x00, 0x00, 0x00, 0x00, 0x00, 0x00, 0x00, 0x00, 0x00, 0x00, 0x2e, 0x4b, 0xed, 0x4a, 0xed, 0x4a, 0x2e, 0x4b, 0x00, 0x00, 0x00, 0x00, 0x00, 0x00, 0x00, 0x00, 0x00, 0x00, 0x00, 0x00, 
  0x00, 0x00, 0x00, 0x00, 0x00, 0x00, 0x00, 0x00, 0x00, 0x00, 0x00, 0x00, 0x00, 0x00, 0x2e, 0x53, 0x2e, 0x4b, 0xab, 0x5a, 0x00, 0x00, 0x00, 0x00, 0x00, 0x00, 0x00, 0x00, 0x00, 0x00, 0x00, 0x00, 
};

const size_t Menu_icon_4_size {sizeof(Menu_icon_4) / sizeof(Menu_icon_4[0])};

const uint8_t Menu_icon_5[] = {
  0xff, 0xff, 0xff, 0xff, 0xff, 0xff, 0xff, 0xff, 0xff, 0xff, 0xff, 0xff, 0xff, 0xff, 0xff, 0xff, 0xff, 0xff, 0xff, 0xff, 0xff, 0xff, 0xff, 0xff, 0xff, 0xff, 0xff, 0xff, 0xff, 0xff, 0xff, 0xff, 
  0xff, 0xff, 0xff, 0xff, 0xff, 0xff, 0xff, 0xff, 0xff, 0xff, 0xff, 0xff, 0xff, 0xff, 0xff, 0xff, 0xff, 0xff, 0xff, 0xff, 0xff, 0xff, 0xff, 0xff, 0xff, 0xff, 0xff, 0xff, 0xff, 0xff, 0xff, 0xff, 
  0xff, 0xff, 0xff, 0xff, 0xff, 0xff, 0xff, 0xff, 0xff, 0xff, 0xff, 0xff, 0xdf, 0xff, 0x59, 0xce, 0x18, 0xc6, 0xff, 0xff, 0xff, 0xff, 0xff, 0xff, 0xff, 0xff, 0xff, 0xff, 0xff, 0xff, 0xff, 0xff, 
  0xff, 0xff, 0xff, 0xff, 0xff, 0xff, 0xff, 0xff, 0xff, 0xff, 0x8a, 0x52, 0x20, 0x00, 0x00, 0x00, 0x41, 0x08, 0xff, 0xff, 0xff, 0xff, 0xff, 0xff, 0xff, 0xff, 0xff, 0xff, 0xff, 0xff, 0xff, 0xff, 
  0xff, 0xff, 0xff, 0xff, 0xff, 0xff, 0xff, 0xff, 0xff, 0xff, 0x34, 0xa5, 0x39, 0xce, 0xd3, 0x9c, 0x41, 0x08, 0xff, 0xff, 0xff, 0xff, 0xff, 0xff, 0xff, 0xff, 0xff, 0xff, 0xff, 0xff, 0xff, 0xff, 
  0xff, 0xff, 0xff, 0xff, 0xff, 0xff, 0xff, 0xff, 0xff, 0xff, 0xff, 0xff, 0xff, 0xff, 0xf4, 0xa4, 0x21, 0x08, 0xff, 0xff, 0xff, 0xff, 0xff, 0xff, 0xff, 0xff, 0xff, 0xff, 0xff, 0xff, 0xff, 0xff, 
  0xff, 0xff, 0xff, 0xff, 0xff, 0xff, 0xff, 0xff, 0xff, 0xff, 0xff, 0xff, 0xff, 0xff, 0xf4, 0xa4, 0x21, 0x08, 0xff, 0xff, 0xff, 0xff, 0xff, 0xff, 0xff, 0xff, 0xff, 0xff, 0xff, 0xff, 0xff, 0xff, 
  0xff, 0xff, 0xff, 0xff, 0xff, 0xff, 0xff, 0xff, 0xff, 0xff, 0xff, 0xff, 0xff, 0xff, 0xf4, 0xa4, 0x21, 0x08, 0xff, 0xff, 0xff, 0xff, 0xff, 0xff, 0xff, 0xff, 0xff, 0xff, 0xff, 0xff, 0xff, 0xff, 
  0xff, 0xff, 0xff, 0xff, 0xff, 0xff, 0xff, 0xff, 0xff, 0xff, 0xff, 0xff, 0xff, 0xff, 0xf4, 0xa4, 0x21, 0x08, 0xff, 0xff, 0xff, 0xff, 0xff, 0xff, 0xff, 0xff, 0xff, 0xff, 0xff, 0xff, 0xff, 0xff, 
  0xff, 0xff, 0xff, 0xff, 0xff, 0xff, 0xff, 0xff, 0xff, 0xff, 0xff, 0xff, 0xff, 0xff, 0xf4, 0xa4, 0x21, 0x08, 0xff, 0xff, 0xff, 0xff, 0xff, 0xff, 0xff, 0xff, 0xff, 0xff, 0xff, 0xff, 0xff, 0xff, 
  0xff, 0xff, 0xff, 0xff, 0xff, 0xff, 0xff, 0xff, 0xff, 0xff, 0xff, 0xff, 0xff, 0xff, 0xf4, 0xa4, 0x21, 0x08, 0xff, 0xff, 0xff, 0xff, 0xff, 0xff, 0xff, 0xff, 0xff, 0xff, 0xff, 0xff, 0xff, 0xff, 
  0xff, 0xff, 0xff, 0xff, 0xff, 0xff, 0xff, 0xff, 0xff, 0xff, 0xdb, 0xde, 0x18, 0xc6, 0xcf, 0x7b, 0x21, 0x08, 0x18, 0xc6, 0x18, 0xc6, 0x9e, 0xf7, 0xff, 0xff, 0xff, 0xff, 0xff, 0xff, 0xff, 0xff, 
  0xff, 0xff, 0xff, 0xff, 0xff, 0xff, 0xff, 0xff, 0xff, 0xff, 0xeb, 0x5a, 0x00, 0x00, 0x00, 0x00, 0x00, 0x00, 0x00, 0x00, 0x00, 0x00, 0x38, 0xc6, 0xff, 0xff, 0xff, 0xff, 0xff, 0xff, 0xff, 0xff, 
  0xff, 0xff, 0xff, 0xff, 0xff, 0xff, 0xff, 0xff, 0xff, 0xff, 0xff, 0xff, 0xff, 0xff, 0xff, 0xff, 0xff, 0xff, 0xff, 0xff, 0xff, 0xff, 0xff, 0xff, 0xff, 0xff, 0xff, 0xff, 0xff, 0xff, 0xff, 0xff, 
  0xff, 0xff, 0xff, 0xff, 0xff, 0xff, 0xff, 0xff, 0xff, 0xff, 0xff, 0xff, 0xff, 0xff, 0xff, 0xff, 0xff, 0xff, 0xff, 0xff, 0xff, 0xff, 0xff, 0xff, 0xff, 0xff, 0xff, 0xff, 0xff, 0xff, 0xff, 0xff, 
  0xff, 0xff, 0xff, 0xff, 0xff, 0xff, 0xff, 0xff, 0xff, 0xff, 0xff, 0xff, 0xff, 0xff, 0xff, 0xff, 0xff, 0xff, 0xff, 0xff, 0xff, 0xff, 0xff, 0xff, 0xff, 0xff, 0xff, 0xff, 0xff, 0xff, 0xff, 0xff, 
};
const size_t Menu_icon_5_size {sizeof(Menu_icon_5) / sizeof(Menu_icon_5[0])};

const uint8_t Menu_icon_6[] = {
  0xff, 0xff, 0xff, 0xff, 0xff, 0xff, 0xff, 0xff, 0xff, 0xff, 0xff, 0xff, 0xff, 0xff, 0xff, 0xff, 0xff, 0xff, 0xff, 0xff, 0xff, 0xff, 0xff, 0xff, 0xff, 0xff, 0xff, 0xff, 0xff, 0xff, 0xff, 0xff, 
  0xff, 0xff, 0xff, 0xff, 0xff, 0xff, 0xff, 0xff, 0xff, 0xff, 0xff, 0xff, 0xff, 0xff, 0xff, 0xff, 0xff, 0xff, 0xff, 0xff, 0xff, 0xff, 0xff, 0xff, 0xff, 0xff, 0xff, 0xff, 0xff, 0xff, 0xff, 0xff, 
  0xff, 0xff, 0xff, 0xff, 0xff, 0xff, 0xff, 0xff, 0xff, 0xff, 0xff, 0xff, 0xff, 0xff, 0xb6, 0xb5, 0x51, 0x8c, 0x75, 0xad, 0xdf, 0xff, 0xff, 0xff, 0xff, 0xff, 0xff, 0xff, 0xff, 0xff, 0xff, 0xff, 
  0xff, 0xff, 0xff, 0xff, 0xff, 0xff, 0xff, 0xff, 0xff, 0xff, 0xdf, 0xff, 0x8a, 0x52, 0x00, 0x00, 0x66, 0x31, 0xa3, 0x18, 0x20, 0x00, 0xff, 0xff, 0xff, 0xff, 0xff, 0xff, 0xff, 0xff, 0xff, 0xff, 
  0xff, 0xff, 0xff, 0xff, 0xff, 0xff, 0xff, 0xff, 0xff, 0xff, 0x10, 0x84, 0xa2, 0x10, 0xba, 0xd6, 0xff, 0xff, 0xff, 0xff, 0x79, 0xce, 0xff, 0xff, 0xff, 0xff, 0xff, 0xff, 0xff, 0xff, 0xff, 0xff, 
  0xff, 0xff, 0xff, 0xff, 0xff, 0xff, 0xff, 0xff, 0xbe, 0xf7, 0x62, 0x10, 0x92, 0x94, 0xff, 0xff, 0xff, 0xff, 0xff, 0xff, 0xff, 0xff, 0xff, 0xff, 0xff, 0xff, 0xff, 0xff, 0xff, 0xff, 0xff, 0xff, 
  0xff, 0xff, 0xff, 0xff, 0xff, 0xff, 0xff, 0xff, 0x59, 0xce, 0x00, 0x00, 0xd7, 0xbd, 0x4d, 0x6b, 0x49, 0x4a, 0xf0, 0x83, 0x9e, 0xf7, 0xff, 0xff, 0xff, 0xff, 0xff, 0xff, 0xff, 0xff, 0xff, 0xff, 
  0xff, 0xff, 0xff, 0xff, 0xff, 0xff, 0xff, 0xff, 0x55, 0xad, 0x00, 0x00, 0xe3, 0x18, 0x10, 0x84, 0x75, 0xad, 0x86, 0x31, 0x45, 0x29, 0xdf, 0xff, 0xff, 0xff, 0xff, 0xff, 0xff, 0xff, 0xff, 0xff, 
  0xff, 0xff, 0xff, 0xff, 0xff, 0xff, 0xff, 0xff, 0x55, 0xad, 0x00, 0x00, 0x10, 0x84, 0xff, 0xff, 0xff, 0xff, 0x9e, 0xf7, 0x61, 0x08, 0xb2, 0x94, 0xff, 0xff, 0xff, 0xff, 0xff, 0xff, 0xff, 0xff, 
  0xff, 0xff, 0xff, 0xff, 0xff, 0xff, 0xff, 0xff, 0x18, 0xc6, 0x00, 0x00, 0xf8, 0xc5, 0xff, 0xff, 0xff, 0xff, 0xff, 0xff, 0xc7, 0x39, 0x4d, 0x6b, 0xff, 0xff, 0xff, 0xff, 0xff, 0xff, 0xff, 0xff, 
  0xff, 0xff, 0xff, 0xff, 0xff, 0xff, 0xff, 0xff, 0xbf, 0xff, 0x62, 0x10, 0x75, 0xad, 0xff, 0xff, 0xff, 0xff, 0xff, 0xff, 0x24, 0x21, 0xcf, 0x7b, 0xff, 0xff, 0xff, 0xff, 0xff, 0xff, 0xff, 0xff, 
  0xff, 0xff, 0xff, 0xff, 0xff, 0xff, 0xff, 0xff, 0xff, 0xff, 0xaf, 0x7b, 0xa7, 0x39, 0x9e, 0xf7, 0xff, 0xff, 0x14, 0xa5, 0x00, 0x00, 0x59, 0xce, 0xff, 0xff, 0xff, 0xff, 0xff, 0xff, 0xff, 0xff, 
  0xff, 0xff, 0xff, 0xff, 0xff, 0xff, 0xff, 0xff, 0xff, 0xff, 0xff, 0xff, 0x8e, 0x73, 0x41, 0x08, 0x00, 0x00, 0x62, 0x10, 0x55, 0xad, 0xff, 0xff, 0xff, 0xff, 0xff, 0xff, 0xff, 0xff, 0xff, 0xff, 
  0xff, 0xff, 0xff, 0xff, 0xff, 0xff, 0xff, 0xff, 0xff, 0xff, 0xff, 0xff, 0xff, 0xff, 0xbf, 0xff, 0x79, 0xce, 0xdf, 0xff, 0xff, 0xff, 0xff, 0xff, 0xff, 0xff, 0xff, 0xff, 0xff, 0xff, 0xff, 0xff, 
  0xff, 0xff, 0xff, 0xff, 0xff, 0xff, 0xff, 0xff, 0xff, 0xff, 0xff, 0xff, 0xff, 0xff, 0xff, 0xff, 0xff, 0xff, 0xff, 0xff, 0xff, 0xff, 0xff, 0xff, 0xff, 0xff, 0xff, 0xff, 0xff, 0xff, 0xff, 0xff, 
  0xff, 0xff, 0xff, 0xff, 0xff, 0xff, 0xff, 0xff, 0xff, 0xff, 0xff, 0xff, 0xff, 0xff, 0xff, 0xff, 0xff, 0xff, 0xff, 0xff, 0xff, 0xff, 0xff, 0xff, 0xff, 0xff, 0xff, 0xff, 0xff, 0xff, 0xff, 0xff, 
};
const size_t Menu_icon_6_size {sizeof(Menu_icon_6) / sizeof(Menu_icon_6[0])};

const uint8_t Menu_icon_7[] = {
  0xff, 0xff, 0xff, 0xff, 0xff, 0xff, 0xff, 0xff, 0xff, 0xff, 0xff, 0xff, 0xff, 0xff, 0xff, 0xff, 0xff, 0xff, 0xff, 0xff, 0xff, 0xff, 0xff, 0xff, 0xff, 0xff, 0xff, 0xff, 0xff, 0xff, 0xff, 0xff, 
  0xff, 0xff, 0xff, 0xff, 0xff, 0xff, 0xff, 0xff, 0xff, 0xff, 0xff, 0xff, 0xff, 0xff, 0xff, 0xff, 0xff, 0xff, 0xff, 0xff, 0xff, 0xff, 0xff, 0xff, 0xff, 0xff, 0xff, 0xff, 0xff, 0xff, 0xff, 0xff, 
  0xff, 0xff, 0xff, 0xff, 0xff, 0xff, 0xff, 0xff, 0x9e, 0xf7, 0x18, 0xc6, 0x18, 0xc6, 0x18, 0xc6, 0x18, 0xc6, 0x18, 0xc6, 0x18, 0xc6, 0x7d, 0xef, 0xff, 0xff, 0xff, 0xff, 0xff, 0xff, 0xff, 0xff, 
  0xff, 0xff, 0xff, 0xff, 0xff, 0xff, 0xff, 0xff, 0x39, 0xce, 0x00, 0x00, 0x00, 0x00, 0x00, 0x00, 0x00, 0x00, 0x00, 0x00, 0x00, 0x00, 0xd7, 0xbd, 0xff, 0xff, 0xff, 0xff, 0xff, 0xff, 0xff, 0xff, 
  0xff, 0xff, 0xff, 0xff, 0xff, 0xff, 0xff, 0xff, 0xff, 0xff, 0xff, 0xff, 0xff, 0xff, 0xff, 0xff, 0xff, 0xff, 0xef, 0x7b, 0xa3, 0x18, 0xff, 0xff, 0xff, 0xff, 0xff, 0xff, 0xff, 0xff, 0xff, 0xff, 
  0xff, 0xff, 0xff, 0xff, 0xff, 0xff, 0xff, 0xff, 0xff, 0xff, 0xff, 0xff, 0xff, 0xff, 0xff, 0xff, 0xff, 0xff, 0xc3, 0x18, 0xae, 0x73, 0xff, 0xff, 0xff, 0xff, 0xff, 0xff, 0xff, 0xff, 0xff, 0xff, 
  0xff, 0xff, 0xff, 0xff, 0xff, 0xff, 0xff, 0xff, 0xff, 0xff, 0xff, 0xff, 0xff, 0xff, 0xff, 0xff, 0xb6, 0xb5, 0x00, 0x00, 0xdb, 0xde, 0xff, 0xff, 0xff, 0xff, 0xff, 0xff, 0xff, 0xff, 0xff, 0xff, 
  0xff, 0xff, 0xff, 0xff, 0xff, 0xff, 0xff, 0xff, 0xff, 0xff, 0xff, 0xff, 0xff, 0xff, 0xff, 0xff, 0x8a, 0x52, 0xe7, 0x39, 0xff, 0xff, 0xff, 0xff, 0xff, 0xff, 0xff, 0xff, 0xff, 0xff, 0xff, 0xff, 
  0xff, 0xff, 0xff, 0xff, 0xff, 0xff, 0xff, 0xff, 0xff, 0xff, 0xff, 0xff, 0xff, 0xff, 0x7d, 0xef, 0x20, 0x00, 0x14, 0xa5, 0xff, 0xff, 0xff, 0xff, 0xff, 0xff, 0xff, 0xff, 0xff, 0xff, 0xff, 0xff, 
  0xff, 0xff, 0xff, 0xff, 0xff, 0xff, 0xff, 0xff, 0xff, 0xff, 0xff, 0xff, 0xff, 0xff, 0x51, 0x8c, 0x61, 0x08, 0xdf, 0xff, 0xff, 0xff, 0xff, 0xff, 0xff, 0xff, 0xff, 0xff, 0xff, 0xff, 0xff, 0xff, 
  0xff, 0xff, 0xff, 0xff, 0xff, 0xff, 0xff, 0xff, 0xff, 0xff, 0xff, 0xff, 0xff, 0xff, 0x04, 0x21, 0x4d, 0x6b, 0xff, 0xff, 0xff, 0xff, 0xff, 0xff, 0xff, 0xff, 0xff, 0xff, 0xff, 0xff, 0xff, 0xff, 
  0xff, 0xff, 0xff, 0xff, 0xff, 0xff, 0xff, 0xff, 0xff, 0xff, 0xff, 0xff, 0x18, 0xc6, 0x00, 0x00, 0x7a, 0xd6, 0xff, 0xff, 0xff, 0xff, 0xff, 0xff, 0xff, 0xff, 0xff, 0xff, 0xff, 0xff, 0xff, 0xff, 
  0xff, 0xff, 0xff, 0xff, 0xff, 0xff, 0xff, 0xff, 0xff, 0xff, 0xff, 0xff, 0xec, 0x62, 0x66, 0x31, 0xff, 0xff, 0xff, 0xff, 0xff, 0xff, 0xff, 0xff, 0xff, 0xff, 0xff, 0xff, 0xff, 0xff, 0xff, 0xff, 
  0xff, 0xff, 0xff, 0xff, 0xff, 0xff, 0xff, 0xff, 0xff, 0xff, 0xff, 0xff, 0xff, 0xff, 0xff, 0xff, 0xff, 0xff, 0xff, 0xff, 0xff, 0xff, 0xff, 0xff, 0xff, 0xff, 0xff, 0xff, 0xff, 0xff, 0xff, 0xff, 
  0xff, 0xff, 0xff, 0xff, 0xff, 0xff, 0xff, 0xff, 0xff, 0xff, 0xff, 0xff, 0xff, 0xff, 0xff, 0xff, 0xff, 0xff, 0xff, 0xff, 0xff, 0xff, 0xff, 0xff, 0xff, 0xff, 0xff, 0xff, 0xff, 0xff, 0xff, 0xff, 
  0xff, 0xff, 0xff, 0xff, 0xff, 0xff, 0xff, 0xff, 0xff, 0xff, 0xff, 0xff, 0xff, 0xff, 0xff, 0xff, 0xff, 0xff, 0xff, 0xff, 0xff, 0xff, 0xff, 0xff, 0xff, 0xff, 0xff, 0xff, 0xff, 0xff, 0xff, 0xff, 
};
const size_t Menu_icon_7_size {sizeof(Menu_icon_7) / sizeof(Menu_icon_7[0])};

const uint8_t Menu_icon_8[] = {
  0xff, 0xff, 0xff, 0xff, 0xff, 0xff, 0xff, 0xff, 0xff, 0xff, 0xff, 0xff, 0xff, 0xff, 0xff, 0xff, 0xff, 0xff, 0xff, 0xff, 0xff, 0xff, 0xff, 0xff, 0xff, 0xff, 0xff, 0xff, 0xff, 0xff, 0xff, 0xff, 
  0xff, 0xff, 0xff, 0xff, 0xff, 0xff, 0xff, 0xff, 0xff, 0xff, 0xff, 0xff, 0xff, 0xff, 0xff, 0xff, 0xff, 0xff, 0xff, 0xff, 0xff, 0xff, 0xff, 0xff, 0xff, 0xff, 0xff, 0xff, 0xff, 0xff, 0xff, 0xff, 
  0xff, 0xff, 0xff, 0xff, 0xff, 0xff, 0xff, 0xff, 0xff, 0xff, 0xff, 0xff, 0xfb, 0xde, 0xd3, 0x9c, 0x92, 0x94, 0x9a, 0xd6, 0xff, 0xff, 0xff, 0xff, 0xff, 0xff, 0xff, 0xff, 0xff, 0xff, 0xff, 0xff, 
  0xff, 0xff, 0xff, 0xff, 0xff, 0xff, 0xff, 0xff, 0xff, 0xff, 0x10, 0x84, 0x00, 0x00, 0x82, 0x10, 0xe3, 0x18, 0x00, 0x00, 0x0c, 0x63, 0xff, 0xff, 0xff, 0xff, 0xff, 0xff, 0xff, 0xff, 0xff, 0xff, 
  0xff, 0xff, 0xff, 0xff, 0xff, 0xff, 0xff, 0xff, 0x9e, 0xf7, 0x00, 0x00, 0xaf, 0x7b, 0xff, 0xff, 0xff, 0xff, 0x92, 0x94, 0x00, 0x00, 0x9a, 0xd6, 0xff, 0xff, 0xff, 0xff, 0xff, 0xff, 0xff, 0xff, 
  0xff, 0xff, 0xff, 0xff, 0xff, 0xff, 0xff, 0xff, 0xfb, 0xde, 0x00, 0x00, 0x59, 0xce, 0xff, 0xff, 0xff, 0xff, 0x7d, 0xef, 0x00, 0x00, 0xf7, 0xbd, 0xff, 0xff, 0xff, 0xff, 0xff, 0xff, 0xff, 0xff, 
  0xff, 0xff, 0xff, 0xff, 0xff, 0xff, 0xff, 0xff, 0xff, 0xff, 0xa6, 0x31, 0xab, 0x5a, 0x9a, 0xd6, 0xfc, 0xe6, 0x4d, 0x6b, 0xe3, 0x18, 0xbf, 0xff, 0xff, 0xff, 0xff, 0xff, 0xff, 0xff, 0xff, 0xff, 
  0xff, 0xff, 0xff, 0xff, 0xff, 0xff, 0xff, 0xff, 0xff, 0xff, 0xfb, 0xde, 0x04, 0x21, 0x00, 0x00, 0x00, 0x00, 0xa3, 0x18, 0x59, 0xce, 0xff, 0xff, 0xff, 0xff, 0xff, 0xff, 0xff, 0xff, 0xff, 0xff, 
  0xff, 0xff, 0xff, 0xff, 0xff, 0xff, 0xff, 0xff, 0xff, 0xff, 0x86, 0x31, 0x86, 0x31, 0xb2, 0x94, 0x14, 0xa5, 0xe8, 0x41, 0xe3, 0x18, 0x7e, 0xf7, 0xff, 0xff, 0xff, 0xff, 0xff, 0xff, 0xff, 0xff, 
  0xff, 0xff, 0xff, 0xff, 0xff, 0xff, 0xff, 0xff, 0x96, 0xb5, 0x00, 0x00, 0x7d, 0xef, 0xff, 0xff, 0xff, 0xff, 0xff, 0xff, 0xa2, 0x10, 0x92, 0x94, 0xff, 0xff, 0xff, 0xff, 0xff, 0xff, 0xff, 0xff, 
  0xff, 0xff, 0xff, 0xff, 0xff, 0xff, 0xff, 0xff, 0x14, 0xa5, 0x00, 0x00, 0xdf, 0xff, 0xff, 0xff, 0xff, 0xff, 0xff, 0xff, 0x04, 0x21, 0xf0, 0x83, 0xff, 0xff, 0xff, 0xff, 0xff, 0xff, 0xff, 0xff, 
  0xff, 0xff, 0xff, 0xff, 0xff, 0xff, 0xff, 0xff, 0xdb, 0xde, 0x00, 0x00, 0x6e, 0x73, 0xff, 0xff, 0xff, 0xff, 0x71, 0x8c, 0x00, 0x00, 0xf8, 0xc5, 0xff, 0xff, 0xff, 0xff, 0xff, 0xff, 0xff, 0xff, 
  0xff, 0xff, 0xff, 0xff, 0xff, 0xff, 0xff, 0xff, 0xff, 0xff, 0xd3, 0x9c, 0x82, 0x10, 0x00, 0x00, 0x00, 0x00, 0x41, 0x08, 0x10, 0x84, 0xff, 0xff, 0xff, 0xff, 0xff, 0xff, 0xff, 0xff, 0xff, 0xff, 
  0xff, 0xff, 0xff, 0xff, 0xff, 0xff, 0xff, 0xff, 0xff, 0xff, 0xff, 0xff, 0xff, 0xff, 0xdb, 0xde, 0x9a, 0xd6, 0xff, 0xff, 0xff, 0xff, 0xff, 0xff, 0xff, 0xff, 0xff, 0xff, 0xff, 0xff, 0xff, 0xff, 
  0xff, 0xff, 0xff, 0xff, 0xff, 0xff, 0xff, 0xff, 0xff, 0xff, 0xff, 0xff, 0xff, 0xff, 0xff, 0xff, 0xff, 0xff, 0xff, 0xff, 0xff, 0xff, 0xff, 0xff, 0xff, 0xff, 0xff, 0xff, 0xff, 0xff, 0xff, 0xff, 
  0xff, 0xff, 0xff, 0xff, 0xff, 0xff, 0xff, 0xff, 0xff, 0xff, 0xff, 0xff, 0xff, 0xff, 0xff, 0xff, 0xff, 0xff, 0xff, 0xff, 0xff, 0xff, 0xff, 0xff, 0xff, 0xff, 0xff, 0xff, 0xff, 0xff, 0xff, 0xff, 
};
const size_t Menu_icon_8_size {sizeof(Menu_icon_8) / sizeof(Menu_icon_8[0])};

const uint8_t Menu_icon_9[] = {
  0xff, 0xff, 0xff, 0xff, 0xff, 0xff, 0xff, 0xff, 0xff, 0xff, 0xff, 0xff, 0xff, 0xff, 0xff, 0xff, 0xff, 0xff, 0xff, 0xff, 0xff, 0xff, 0xff, 0xff, 0xff, 0xff, 0xff, 0xff, 0xff, 0xff, 0xff, 0xff, 
  0xff, 0xff, 0xff, 0xff, 0xff, 0xff, 0xff, 0xff, 0xff, 0xff, 0xff, 0xff, 0xff, 0xff, 0xff, 0xff, 0xff, 0xff, 0xff, 0xff, 0xff, 0xff, 0xff, 0xff, 0xff, 0xff, 0xff, 0xff, 0xff, 0xff, 0xff, 0xff, 
  0xff, 0xff, 0xff, 0xff, 0xff, 0xff, 0xff, 0xff, 0xff, 0xff, 0xff, 0xff, 0x9a, 0xd6, 0x92, 0x94, 0xd3, 0x9c, 0xdb, 0xde, 0xff, 0xff, 0xff, 0xff, 0xff, 0xff, 0xff, 0xff, 0xff, 0xff, 0xff, 0xff, 
  0xff, 0xff, 0xff, 0xff, 0xff, 0xff, 0xff, 0xff, 0xff, 0xff, 0x51, 0x8c, 0x00, 0x00, 0x04, 0x21, 0x82, 0x10, 0x62, 0x10, 0x9a, 0xd6, 0xff, 0xff, 0xff, 0xff, 0xff, 0xff, 0xff, 0xff, 0xff, 0xff, 
  0xff, 0xff, 0xff, 0xff, 0xff, 0xff, 0xff, 0xff, 0x7a, 0xd6, 0x00, 0x00, 0x34, 0xa5, 0xff, 0xff, 0xff, 0xff, 0xaf, 0x7b, 0x86, 0x31, 0xff, 0xff, 0xff, 0xff, 0xff, 0xff, 0xff, 0xff, 0xff, 0xff, 
  0xff, 0xff, 0xff, 0xff, 0xff, 0xff, 0xff, 0xff, 0xb2, 0x94, 0x62, 0x10, 0xff, 0xff, 0xff, 0xff, 0xff, 0xff, 0xfb, 0xde, 0x00, 0x00, 0x9a, 0xd6, 0xff, 0xff, 0xff, 0xff, 0xff, 0xff, 0xff, 0xff, 
  0xff, 0xff, 0xff, 0xff, 0xff, 0xff, 0xff, 0xff, 0xb2, 0x94, 0x41, 0x08, 0xff, 0xff, 0xff, 0xff, 0xff, 0xff, 0xdb, 0xde, 0x00, 0x00, 0xf4, 0xa4, 0xff, 0xff, 0xff, 0xff, 0xff, 0xff, 0xff, 0xff, 
  0xff, 0xff, 0xff, 0xff, 0xff, 0xff, 0xff, 0xff, 0x79, 0xce, 0x00, 0x00, 0x96, 0xb5, 0xff, 0xff, 0xff, 0xff, 0xf0, 0x83, 0x00, 0x00, 0x30, 0x84, 0xff, 0xff, 0xff, 0xff, 0xff, 0xff, 0xff, 0xff, 
  0xff, 0xff, 0xff, 0xff, 0xff, 0xff, 0xff, 0xff, 0xff, 0xff, 0xef, 0x7b, 0x21, 0x08, 0x0c, 0x63, 0x69, 0x4a, 0x45, 0x29, 0xa2, 0x10, 0x51, 0x8c, 0xff, 0xff, 0xff, 0xff, 0xff, 0xff, 0xff, 0xff, 
  0xff, 0xff, 0xff, 0xff, 0xff, 0xff, 0xff, 0xff, 0xff, 0xff, 0xff, 0xff, 0x79, 0xce, 0x71, 0x8c, 0x51, 0x8c, 0x3d, 0xef, 0x20, 0x00, 0x75, 0xad, 0xff, 0xff, 0xff, 0xff, 0xff, 0xff, 0xff, 0xff, 
  0xff, 0xff, 0xff, 0xff, 0xff, 0xff, 0xff, 0xff, 0xff, 0xff, 0xff, 0xff, 0xff, 0xff, 0xff, 0xff, 0xff, 0xff, 0x14, 0xa5, 0x62, 0x10, 0x9e, 0xf7, 0xff, 0xff, 0xff, 0xff, 0xff, 0xff, 0xff, 0xff, 
  0xff, 0xff, 0xff, 0xff, 0xff, 0xff, 0xff, 0xff, 0xff, 0xff, 0x18, 0xc6, 0xff, 0xff, 0xbe, 0xf7, 0x35, 0xad, 0x61, 0x08, 0x30, 0x84, 0xff, 0xff, 0xff, 0xff, 0xff, 0xff, 0xff, 0xff, 0xff, 0xff, 
  0xff, 0xff, 0xff, 0xff, 0xff, 0xff, 0xff, 0xff, 0xff, 0xff, 0xe8, 0x41, 0x00, 0x00, 0x00, 0x00, 0xc3, 0x18, 0xb2, 0x94, 0xff, 0xff, 0xff, 0xff, 0xff, 0xff, 0xff, 0xff, 0xff, 0xff, 0xff, 0xff, 
  0xff, 0xff, 0xff, 0xff, 0xff, 0xff, 0xff, 0xff, 0xff, 0xff, 0xff, 0xff, 0x9e, 0xf7, 0x9a, 0xd6, 0xff, 0xff, 0xff, 0xff, 0xff, 0xff, 0xff, 0xff, 0xff, 0xff, 0xff, 0xff, 0xff, 0xff, 0xff, 0xff, 
  0xff, 0xff, 0xff, 0xff, 0xff, 0xff, 0xff, 0xff, 0xff, 0xff, 0xff, 0xff, 0xff, 0xff, 0xff, 0xff, 0xff, 0xff, 0xff, 0xff, 0xff, 0xff, 0xff, 0xff, 0xff, 0xff, 0xff, 0xff, 0xff, 0xff, 0xff, 0xff, 
  0xff, 0xff, 0xff, 0xff, 0xff, 0xff, 0xff, 0xff, 0xff, 0xff, 0xff, 0xff, 0xff, 0xff, 0xff, 0xff, 0xff, 0xff, 0xff, 0xff, 0xff, 0xff, 0xff, 0xff, 0xff, 0xff, 0xff, 0xff, 0xff, 0xff, 0xff, 0xff, 
};
const size_t Menu_icon_9_size {sizeof(Menu_icon_9) / sizeof(Menu_icon_9[0])};


const uint8_t Boot_img[] = {
  0x00, 0x00, 0x00, 0x00, 0x00, 0x00, 0x00, 0x00, 0x00, 0x00, 0x00, 0x00, 0x00, 0x00, 0x00, 0x00, 0x00, 0x00, 0x00, 0x00, 0x00, 0x00, 0x00, 0x00, 0x00, 0x00, 0x00, 0x00, 0x00, 0x00, 0x00, 0x00, 0x00, 0x00, 0x00, 0x00, 0x00, 0x00, 0x00, 0x00, 0x00, 0x00, 0x00, 0x00, 0x00, 0x00, 0x00, 0x00, 0x00, 0x00, 0x00, 0x00, 0x00, 0x00, 0x00, 0x00, 0x00, 0x00, 0x00, 0x00, 0x00, 0x00, 0x00, 0x00, 0x00, 0x00, 0x00, 0x00, 0x00, 0x00, 0x00, 0x00, 0x00, 0x00, 0x00, 0x00, 0x00, 0x00, 0x00, 0x00, 0x00, 0x00, 0x00, 0x00, 0x00, 0x00, 0x00, 0x00, 0x00, 0x00, 0x00, 0x00, 0x00, 0x00, 0x00, 0x00, 0x00, 0x00, 0x00, 0x00, 0x00, 0x00, 0x00, 0x00, 0x00, 0x00, 0x00, 0x00, 0x00, 0x00, 0x00, 0x00, 0x00, 0x00, 0x00, 0x00, 0x00, 0x00, 0x00, 0x00, 0x00, 0x00, 0x00, 0x00, 0x00, 0x00, 0x00, 0x00, 0x00, 0x00, 0x00, 0x00, 0x00, 0x00, 0x00, 0x00, 0x00, 0x00, 0x00, 0x00, 0x00, 0x00, 0x00, 0x00, 0x00, 0x00, 0x00, 0x00, 0x00, 0x00, 0x00, 0x00, 0x00, 0x00, 0x00, 0x00, 0x00, 0x00, 0x00, 0x00, 0x00, 0x00, 0x00, 0x00, 0x00, 0x00, 0x00, 0x00, 0x00, 0x00, 0x00, 0x00, 0x00, 0x00, 0x00, 0x00, 0x00, 0x00, 0x00, 0x00, 0x00, 0x00, 0x00, 0x00, 0x00, 0x00, 0x00, 0x00, 0x00, 0x00, 0x00, 0x00, 0x00, 0x00, 0x00, 0x00, 0x00, 0x00, 0x00, 0x00, 0x00, 0x00, 0x00, 0x00, 0x00, 0x00, 0x00, 0x00, 0x00, 0x00, 0x00, 0x00, 0x00, 0x00, 0x00, 0x00, 0x00, 0x00, 0x00, 0x00, 0x00, 0x00, 0x00, 0x00, 0x00, 0x00, 0x00, 0x00, 0x00, 0x00, 0x00, 0x00, 0x00, 0x00, 0x00, 0x00, 0x00, 0x00, 0x00, 0x00, 0x00, 0x00, 0x00, 0x00, 0x00, 0x00, 0x00, 0x00, 0x00, 0x00, 0x00, 0x00, 0x00, 0x00, 0x00, 0x00, 0x00, 0x00, 0x00, 0x00, 0x00, 0x00, 0x00, 0x00, 0x00, 0x00, 0x00, 0x00, 0x00, 0x00, 0x00, 0x00, 0x00, 0x00, 0x00, 0x00, 0x00, 0x00, 0x00, 0x00, 0x00, 0x00, 0x00, 0x00, 0x00, 0x00, 0x00, 0x00, 0x00, 0x00, 0x00, 0x00, 0x00, 0x00, 0x00, 0x00, 0x00, 0x00, 0x00, 0x00, 0x00, 0x00, 0x20, 0x00, 0x20, 0x00, 0x20, 0x00, 0x20, 0x00, 0x20, 0x00, 0x20, 0x00, 0x20, 0x00, 0x20, 0x00, 0x00, 0x00, 
  0x00, 0x00, 0x00, 0x00, 0x00, 0x00, 0x00, 0x00, 0x00, 0x00, 0x00, 0x00, 0x00, 0x00, 0x00, 0x00, 0x00, 0x00, 0x00, 0x00, 0x00, 0x00, 0x00, 0x00, 0x00, 0x00, 0x00, 0x00, 0x00, 0x00, 0x00, 0x00, 0x00, 0x00, 0x00, 0x00, 0x00, 0x00, 0x00, 0x00, 0x00, 0x00, 0x00, 0x00, 0x00, 0x00, 0x00, 0x00, 0x00, 0x00, 0x00, 0x00, 0x00, 0x00, 0x00, 0x00, 0x00, 0x00, 0x00, 0x00, 0x00, 0x00, 0x00, 0x00, 0x00, 0x00, 0x00, 0x00, 0x00, 0x00, 0x00, 0x00, 0x00, 0x00, 0x00, 0x00, 0x00, 0x00, 0x00, 0x00, 0x00, 0x00, 0x00, 0x00, 0x00, 0x00, 0x00, 0x00, 0x00, 0x00, 0x00, 0x00, 0x00, 0x00, 0x00, 0x00, 0x00, 0x00, 0x00, 0x00, 0x00, 0x00, 0x00, 0x00, 0x00, 0x00, 0x00, 0x00, 0x00, 0x00, 0x00, 0x00, 0x00, 0x00, 0x00, 0x00, 0x00, 0x00, 0x00, 0x00, 0x00, 0x00, 0x00, 0x00, 0x00, 0x00, 0x00, 0x00, 0x00, 0x00, 0x00, 0x00, 0x00, 0x00, 0x00, 0x00, 0x00, 0x00, 0x00, 0x00, 0x00, 0x00, 0x00, 0x00, 0x00, 0x00, 0x00, 0x00, 0x00, 0x00, 0x00, 0x00, 0x00, 0x00, 0x00, 0x00, 0x00, 0x00, 0x00, 0x00, 0x00, 0x00, 0x00, 0x00, 0x00, 0x00, 0x00, 0x00, 0x00, 0x00, 0x00, 0x00, 0x00, 0x00, 0x00, 0x00, 0x00, 0x00, 0x00, 0x00, 0x00, 0x00, 0x00, 0x00, 0x00, 0x00, 0x00, 0x00, 0x00, 0x00, 0x00, 0x00, 0x00, 0x00, 0x00, 0x00, 0x00, 0x00, 0x00, 0x00, 0x00, 0x00, 0x00, 0x00, 0x00, 0x00, 0x00, 0x00, 0x00, 0x00, 0x00, 0x00, 0x00, 0x00, 0x00, 0x00, 0x00, 0x00, 0x00, 0x00, 0x00, 0x00, 0x00, 0x00, 0x00, 0x00, 0x00, 0x00, 0x00, 0x00, 0x00, 0x00, 0x00, 0x00, 0x00, 0x00, 0x00, 0x00, 0x00, 0x00, 0x00, 0x00, 0x00, 0x00, 0x00, 0x00, 0x00, 0x00, 0x00, 0x00, 0x00, 0x00, 0x00, 0x00, 0x00, 0x00, 0x00, 0x00, 0x00, 0x00, 0x00, 0x00, 0x00, 0x00, 0x00, 0x00, 0x00, 0x00, 0x00, 0x00, 0x00, 0x00, 0x00, 0x00, 0x00, 0x00, 0x00, 0x00, 0x00, 0x00, 0x00, 0x00, 0x00, 0x00, 0x00, 0x00, 0x00, 0x00, 0x00, 0x00, 0x00, 0x00, 0x00, 0x00, 0x00, 0x00, 0x00, 0x00, 0x00, 0x00, 0x00, 0x00, 0x20, 0x00, 0x20, 0x00, 0x20, 0x00, 0x20, 0x00, 0x20, 0x00, 0x20, 0x00, 0x20, 0x00, 0x20, 0x00, 0x00, 0x00, 
  0x00, 0x00, 0x00, 0x00, 0x00, 0x00, 0x00, 0x00, 0x00, 0x00, 0x00, 0x00, 0x00, 0x00, 0x00, 0x00, 0x00, 0x00, 0x00, 0x00, 0x00, 0x00, 0x00, 0x00, 0x00, 0x00, 0x00, 0x00, 0x00, 0x00, 0x00, 0x00, 0x00, 0x00, 0x00, 0x00, 0x00, 0x00, 0x00, 0x00, 0x00, 0x00, 0x00, 0x00, 0x00, 0x00, 0x00, 0x00, 0x00, 0x00, 0x00, 0x00, 0x00, 0x00, 0x00, 0x00, 0x00, 0x00, 0x00, 0x00, 0x00, 0x00, 0x00, 0x00, 0x00, 0x00, 0x00, 0x00, 0x00, 0x00, 0x00, 0x00, 0x00, 0x00, 0x00, 0x00, 0x00, 0x00, 0x00, 0x00, 0x00, 0x00, 0x00, 0x00, 0x00, 0x00, 0x00, 0x00, 0x00, 0x00, 0x00, 0x00, 0x00, 0x00, 0x00, 0x00, 0x00, 0x00, 0x00, 0x00, 0x00, 0x00, 0x00, 0x00, 0x00, 0x00, 0x00, 0x00, 0x00, 0x00, 0x00, 0x00, 0x00, 0x00, 0x00, 0x00, 0x00, 0x00, 0x00, 0x00, 0x00, 0x00, 0x00, 0x00, 0x00, 0x00, 0x00, 0x00, 0x00, 0x00, 0x00, 0x00, 0x00, 0x00, 0x00, 0x00, 0x00, 0x00, 0x00, 0x00, 0x00, 0x00, 0x00, 0x00, 0x00, 0x00, 0x00, 0x00, 0x00, 0x00, 0x00, 0x00, 0x00, 0x00, 0x00, 0x00, 0x00, 0x00, 0x00, 0x00, 0x00, 0x00, 0x00, 0x00, 0x00, 0x00, 0x00, 0x00, 0x00, 0x00, 0x00, 0x00, 0x00, 0x00, 0x00, 0x00, 0x00, 0x00, 0x00, 0x00, 0x00, 0x00, 0x00, 0x00, 0x00, 0x00, 0x00, 0x00, 0x00, 0x00, 0x00, 0x00, 0x00, 0x00, 0x00, 0x00, 0x00, 0x00, 0x00, 0x00, 0x00, 0x00, 0x00, 0x00, 0x00, 0x00, 0x00, 0x00, 0x00, 0x00, 0x00, 0x00, 0x00, 0x00, 0x00, 0x00, 0x00, 0x00, 0x00, 0x00, 0x00, 0x00, 0x00, 0x00, 0x00, 0x00, 0x00, 0x00, 0x00, 0x00, 0x00, 0x00, 0x00, 0x00, 0x00, 0x00, 0x00, 0x00, 0x00, 0x00, 0x00, 0x00, 0x00, 0x00, 0x00, 0x00, 0x00, 0x00, 0x00, 0x00, 0x00, 0x00, 0x00, 0x00, 0x00, 0x00, 0x00, 0x00, 0x00, 0x00, 0x00, 0x00, 0x00, 0x00, 0x00, 0x00, 0x00, 0x00, 0x00, 0x00, 0x00, 0x00, 0x00, 0x00, 0x00, 0x00, 0x00, 0x00, 0x00, 0x00, 0x00, 0x00, 0x00, 0x00, 0x00, 0x00, 0x00, 0x00, 0x00, 0x00, 0x00, 0x00, 0x00, 0x00, 0x00, 0x00, 0x00, 0x00, 0x00, 0x00, 0x00, 0x00, 0x20, 0x00, 0x20, 0x00, 0x20, 0x00, 0x20, 0x00, 0x20, 0x00, 0x20, 0x00, 0x20, 0x00, 0x20, 0x00, 0x00, 0x00, 
  0x00, 0x00, 0x00, 0x00, 0x00, 0x00, 0x00, 0x00, 0x00, 0x00, 0x00, 0x00, 0x00, 0x00, 0x00, 0x00, 0x00, 0x00, 0x00, 0x00, 0x00, 0x00, 0x00, 0x00, 0x00, 0x00, 0x00, 0x00, 0x00, 0x00, 0x00, 0x00, 0x00, 0x00, 0x00, 0x00, 0x00, 0x00, 0x00, 0x00, 0x00, 0x00, 0x00, 0x00, 0x00, 0x00, 0x00, 0x00, 0x00, 0x00, 0x00, 0x00, 0x00, 0x00, 0x00, 0x00, 0x00, 0x00, 0x00, 0x00, 0x00, 0x00, 0x00, 0x00, 0x00, 0x00, 0x00, 0x00, 0x00, 0x00, 0x00, 0x00, 0x00, 0x00, 0x00, 0x00, 0x00, 0x00, 0x00, 0x00, 0x00, 0x00, 0x00, 0x00, 0x00, 0x00, 0x00, 0x00, 0x00, 0x00, 0x00, 0x00, 0x00, 0x00, 0x00, 0x00, 0x00, 0x00, 0x00, 0x00, 0x00, 0x00, 0x00, 0x00, 0x00, 0x00, 0x00, 0x00, 0x00, 0x00, 0x00, 0x00, 0x00, 0x00, 0x00, 0x00, 0x00, 0x00, 0x00, 0x00, 0x00, 0x00, 0x00, 0x00, 0x00, 0x00, 0x00, 0x00, 0x00, 0x00, 0x00, 0x00, 0x00, 0x00, 0x00, 0x00, 0x00, 0x00, 0x00, 0x00, 0x00, 0x00, 0x00, 0x00, 0x00, 0x00, 0x00, 0x00, 0x00, 0x00, 0x00, 0x00, 0x00, 0x00, 0x00, 0x00, 0x00, 0x00, 0x00, 0x00, 0x00, 0x00, 0x00, 0x00, 0x00, 0x00, 0x00, 0x00, 0x00, 0x00, 0x00, 0x00, 0x00, 0x00, 0x00, 0x00, 0x00, 0x00, 0x00, 0x00, 0x00, 0x00, 0x00, 0x00, 0x00, 0x00, 0x00, 0x00, 0x00, 0x00, 0x00, 0x00, 0x00, 0x00, 0x00, 0x00, 0x00, 0x00, 0x00, 0x00, 0x00, 0x00, 0x00, 0x00, 0x00, 0x00, 0x00, 0x00, 0x00, 0x00, 0x00, 0x00, 0x00, 0x00, 0x00, 0x00, 0x00, 0x00, 0x00, 0x00, 0x00, 0x00, 0x00, 0x00, 0x00, 0x00, 0x00, 0x00, 0x00, 0x00, 0x00, 0x00, 0x00, 0x00, 0x00, 0x00, 0x00, 0x00, 0x00, 0x00, 0x00, 0x00, 0x00, 0x00, 0x00, 0x00, 0x00, 0x00, 0x00, 0x00, 0x00, 0x00, 0x00, 0x00, 0x00, 0x00, 0x00, 0x00, 0x00, 0x00, 0x00, 0x00, 0x00, 0x00, 0x00, 0x00, 0x00, 0x00, 0x00, 0x00, 0x00, 0x00, 0x00, 0x00, 0x00, 0x00, 0x00, 0x00, 0x00, 0x00, 0x00, 0x00, 0x00, 0x00, 0x00, 0x00, 0x00, 0x00, 0x00, 0x00, 0x00, 0x00, 0x00, 0x00, 0x00, 0x00, 0x00, 0x00, 0x20, 0x00, 0x20, 0x00, 0x20, 0x00, 0x20, 0x00, 0x20, 0x00, 0x20, 0x00, 0x20, 0x00, 0x20, 0x00, 0x20, 0x00, 0x20, 0x00, 0x20, 0x00, 
  0x00, 0x00, 0x00, 0x00, 0x00, 0x00, 0x00, 0x00, 0x00, 0x00, 0x00, 0x00, 0x00, 0x00, 0x00, 0x00, 0x00, 0x00, 0x00, 0x00, 0x00, 0x00, 0x00, 0x00, 0x00, 0x00, 0x00, 0x00, 0x00, 0x00, 0x00, 0x00, 0x00, 0x00, 0x00, 0x00, 0x00, 0x00, 0x00, 0x00, 0x00, 0x00, 0x00, 0x00, 0x00, 0x00, 0x00, 0x00, 0x00, 0x00, 0x00, 0x00, 0x00, 0x00, 0x00, 0x00, 0x00, 0x00, 0x00, 0x00, 0x00, 0x00, 0x00, 0x00, 0x00, 0x00, 0x00, 0x00, 0x00, 0x00, 0x00, 0x00, 0x00, 0x00, 0x00, 0x00, 0x00, 0x00, 0x00, 0x00, 0x00, 0x00, 0x00, 0x00, 0x00, 0x00, 0x00, 0x00, 0x00, 0x00, 0x00, 0x00, 0x00, 0x00, 0x00, 0x00, 0x00, 0x00, 0x00, 0x00, 0x00, 0x00, 0x00, 0x00, 0x00, 0x00, 0x00, 0x00, 0x00, 0x00, 0x00, 0x00, 0x00, 0x00, 0x00, 0x00, 0x00, 0x00, 0x00, 0x00, 0x00, 0x00, 0x00, 0x00, 0x00, 0x00, 0x00, 0x00, 0x00, 0x00, 0x00, 0x00, 0x00, 0x00, 0x00, 0x00, 0x00, 0x00, 0x00, 0x00, 0x00, 0x00, 0x00, 0x00, 0x00, 0x00, 0x00, 0x00, 0x00, 0x00, 0x00, 0x00, 0x00, 0x00, 0x00, 0x00, 0x00, 0x00, 0x00, 0x00, 0x00, 0x00, 0x00, 0x00, 0x00, 0x00, 0x00, 0x00, 0x00, 0x00, 0x00, 0x00, 0x00, 0x00, 0x00, 0x00, 0x00, 0x00, 0x00, 0x00, 0x00, 0x00, 0x00, 0x00, 0x00, 0x00, 0x00, 0x00, 0x00, 0x00, 0x00, 0x00, 0x00, 0x00, 0x00, 0x00, 0x00, 0x00, 0x00, 0x00, 0x00, 0x00, 0x00, 0x00, 0x00, 0x00, 0x00, 0x00, 0x00, 0x00, 0x00, 0x00, 0x00, 0x00, 0x00, 0x00, 0x00, 0x00, 0x00, 0x00, 0x00, 0x00, 0x00, 0x00, 0x00, 0x00, 0x00, 0x00, 0x00, 0x00, 0x00, 0x00, 0x00, 0x00, 0x00, 0x00, 0x00, 0x00, 0x00, 0x00, 0x00, 0x00, 0x00, 0x00, 0x00, 0x00, 0x00, 0x00, 0x00, 0x00, 0x00, 0x00, 0x00, 0x00, 0x00, 0x00, 0x00, 0x00, 0x00, 0x00, 0x00, 0x00, 0x00, 0x00, 0x00, 0x00, 0x00, 0x00, 0x00, 0x00, 0x00, 0x00, 0x00, 0x00, 0x00, 0x00, 0x00, 0x00, 0x00, 0x00, 0x00, 0x00, 0x00, 0x00, 0x00, 0x00, 0x00, 0x00, 0x00, 0x00, 0x00, 0x00, 0x00, 0x00, 0x20, 0x00, 0x20, 0x00, 0x20, 0x00, 0x20, 0x00, 0x20, 0x00, 0x20, 0x00, 0x20, 0x00, 0x20, 0x00, 0x20, 0x00, 0x20, 0x00, 0x20, 0x00, 0x20, 0x00, 0x20, 0x00, 
  0x00, 0x00, 0x00, 0x00, 0x00, 0x00, 0x00, 0x00, 0x00, 0x00, 0x00, 0x00, 0x00, 0x00, 0x00, 0x00, 0x00, 0x00, 0x00, 0x00, 0x00, 0x00, 0x00, 0x00, 0x00, 0x00, 0x00, 0x00, 0x00, 0x00, 0x00, 0x00, 0x00, 0x00, 0x00, 0x00, 0x00, 0x00, 0x00, 0x00, 0x00, 0x00, 0x00, 0x00, 0x00, 0x00, 0x00, 0x00, 0x00, 0x00, 0x00, 0x00, 0x00, 0x00, 0x00, 0x00, 0x00, 0x00, 0x00, 0x00, 0x00, 0x00, 0x00, 0x00, 0x00, 0x00, 0x00, 0x00, 0x00, 0x00, 0x00, 0x00, 0x00, 0x00, 0x00, 0x00, 0x00, 0x00, 0x00, 0x00, 0x00, 0x00, 0x00, 0x00, 0x00, 0x00, 0x00, 0x00, 0x00, 0x00, 0x00, 0x00, 0x00, 0x00, 0x00, 0x00, 0x00, 0x00, 0x00, 0x00, 0x00, 0x00, 0x00, 0x00, 0x00, 0x00, 0x00, 0x00, 0x00, 0x00, 0x00, 0x00, 0x00, 0x00, 0x00, 0x00, 0x00, 0x00, 0x00, 0x00, 0x00, 0x00, 0x00, 0x00, 0x00, 0x00, 0x00, 0x00, 0x00, 0x00, 0x00, 0x00, 0x00, 0x00, 0x00, 0x00, 0x00, 0x00, 0x00, 0x00, 0x00, 0x00, 0x00, 0x00, 0x00, 0x00, 0x00, 0x00, 0x00, 0x00, 0x00, 0x00, 0x00, 0x00, 0x00, 0x00, 0x00, 0x00, 0x00, 0x00, 0x00, 0x00, 0x00, 0x00, 0x00, 0x00, 0x00, 0x00, 0x00, 0x00, 0x00, 0x00, 0x00, 0x00, 0x00, 0x00, 0x00, 0x00, 0x00, 0x00, 0x00, 0x00, 0x00, 0x00, 0x00, 0x00, 0x00, 0x00, 0x00, 0x00, 0x00, 0x00, 0x00, 0x00, 0x00, 0x00, 0x00, 0x00, 0x00, 0x00, 0x00, 0x00, 0x00, 0x00, 0x00, 0x00, 0x00, 0x00, 0x00, 0x00, 0x00, 0x00, 0x00, 0x00, 0x00, 0x00, 0x00, 0x00, 0x00, 0x00, 0x00, 0x00, 0x00, 0x00, 0x00, 0x00, 0x00, 0x00, 0x00, 0x00, 0x00, 0x00, 0x00, 0x00, 0x00, 0x00, 0x00, 0x00, 0x00, 0x00, 0x00, 0x00, 0x00, 0x00, 0x00, 0x00, 0x00, 0x00, 0x00, 0x00, 0x00, 0x00, 0x00, 0x00, 0x00, 0x00, 0x00, 0x00, 0x00, 0x00, 0x00, 0x00, 0x00, 0x00, 0x00, 0x00, 0x00, 0x00, 0x00, 0x00, 0x00, 0x00, 0x00, 0x00, 0x00, 0x00, 0x00, 0x00, 0x00, 0x00, 0x00, 0x00, 0x00, 0x00, 0x00, 0x00, 0x00, 0x00, 0x00, 0x00, 0x00, 0x00, 0x20, 0x00, 0x20, 0x00, 0x20, 0x00, 0x20, 0x00, 0x20, 0x00, 0x20, 0x00, 0x21, 0x08, 0x21, 0x08, 0x21, 0x08, 0x21, 0x08, 0x21, 0x08, 0x20, 0x00, 0x20, 0x00, 0x21, 0x08, 
  0x00, 0x00, 0x00, 0x00, 0x00, 0x00, 0x00, 0x00, 0x00, 0x00, 0x00, 0x00, 0x00, 0x00, 0x00, 0x00, 0x00, 0x00, 0x00, 0x00, 0x00, 0x00, 0x00, 0x00, 0x00, 0x00, 0x00, 0x00, 0x00, 0x00, 0x00, 0x00, 0x00, 0x00, 0x00, 0x00, 0x00, 0x00, 0x00, 0x00, 0x00, 0x00, 0x00, 0x00, 0x00, 0x00, 0x00, 0x00, 0x00, 0x00, 0x00, 0x00, 0x00, 0x00, 0x00, 0x00, 0x00, 0x00, 0x00, 0x00, 0x00, 0x00, 0x00, 0x00, 0x00, 0x00, 0x00, 0x00, 0x00, 0x00, 0x00, 0x00, 0x00, 0x00, 0x00, 0x00, 0x00, 0x00, 0x00, 0x00, 0x00, 0x00, 0x00, 0x00, 0x00, 0x00, 0x00, 0x00, 0x00, 0x00, 0x00, 0x00, 0x00, 0x00, 0x00, 0x00, 0x00, 0x00, 0x00, 0x00, 0x00, 0x00, 0x00, 0x00, 0x00, 0x00, 0x00, 0x00, 0x00, 0x00, 0x00, 0x00, 0x00, 0x00, 0x00, 0x00, 0x00, 0x00, 0x00, 0x00, 0x00, 0x00, 0x00, 0x00, 0x00, 0x00, 0x00, 0x00, 0x00, 0x00, 0x00, 0x00, 0x00, 0x00, 0x00, 0x00, 0x00, 0x00, 0x00, 0x00, 0x00, 0x00, 0x00, 0x00, 0x00, 0x00, 0x00, 0x00, 0x00, 0x00, 0x00, 0x00, 0x00, 0x00, 0x00, 0x00, 0x00, 0x00, 0x00, 0x00, 0x00, 0x00, 0x00, 0x00, 0x00, 0x00, 0x00, 0x00, 0x00, 0x00, 0x00, 0x00, 0x00, 0x00, 0x00, 0x00, 0x00, 0x00, 0x00, 0x00, 0x00, 0x00, 0x00, 0x00, 0x00, 0x00, 0x00, 0x00, 0x00, 0x00, 0x00, 0x00, 0x00, 0x00, 0x00, 0x00, 0x00, 0x00, 0x00, 0x00, 0x00, 0x00, 0x00, 0x00, 0x00, 0x00, 0x00, 0x00, 0x00, 0x00, 0x00, 0x00, 0x00, 0x00, 0x00, 0x00, 0x00, 0x00, 0x00, 0x00, 0x00, 0x00, 0x00, 0x00, 0x00, 0x00, 0x00, 0x00, 0x00, 0x00, 0x00, 0x00, 0x00, 0x00, 0x00, 0x00, 0x00, 0x00, 0x00, 0x00, 0x00, 0x00, 0x00, 0x00, 0x00, 0x00, 0x00, 0x00, 0x00, 0x00, 0x00, 0x00, 0x00, 0x00, 0x00, 0x00, 0x00, 0x00, 0x00, 0x00, 0x00, 0x00, 0x00, 0x00, 0x00, 0x00, 0x00, 0x00, 0x00, 0x00, 0x00, 0x00, 0x00, 0x00, 0x00, 0x00, 0x00, 0x00, 0x00, 0x00, 0x00, 0x00, 0x00, 0x00, 0x00, 0x00, 0x00, 0x00, 0x00, 0x00, 0x20, 0x00, 0x20, 0x00, 0x20, 0x00, 0x20, 0x00, 0x21, 0x08, 0x21, 0x08, 0x21, 0x08, 0x21, 0x08, 0x41, 0x08, 0x41, 0x08, 0x41, 0x08, 0x21, 0x08, 0x21, 0x08, 0x20, 0x00, 0x20, 0x00, 
  0x00, 0x00, 0x00, 0x00, 0x00, 0x00, 0x00, 0x00, 0x00, 0x00, 0x00, 0x00, 0x00, 0x00, 0x00, 0x00, 0x00, 0x00, 0x00, 0x00, 0x00, 0x00, 0x00, 0x00, 0x00, 0x00, 0x00, 0x00, 0x00, 0x00, 0x00, 0x00, 0x00, 0x00, 0x00, 0x00, 0x00, 0x00, 0x00, 0x00, 0x00, 0x00, 0x00, 0x00, 0x00, 0x00, 0x00, 0x00, 0x00, 0x00, 0x00, 0x00, 0x00, 0x00, 0x00, 0x00, 0x00, 0x00, 0x00, 0x00, 0x00, 0x00, 0x00, 0x00, 0x00, 0x00, 0x00, 0x00, 0x00, 0x00, 0x00, 0x00, 0x00, 0x00, 0x00, 0x00, 0x00, 0x00, 0x00, 0x00, 0x00, 0x00, 0x00, 0x00, 0x00, 0x00, 0x00, 0x00, 0x00, 0x00, 0x00, 0x00, 0x00, 0x00, 0x00, 0x00, 0x00, 0x00, 0x00, 0x00, 0x00, 0x00, 0x00, 0x00, 0x00, 0x00, 0x00, 0x00, 0x00, 0x00, 0x00, 0x00, 0x00, 0x00, 0x00, 0x00, 0x00, 0x00, 0x00, 0x00, 0x00, 0x00, 0x00, 0x00, 0x00, 0x00, 0x00, 0x00, 0x00, 0x00, 0x00, 0x00, 0x00, 0x00, 0x00, 0x00, 0x00, 0x00, 0x00, 0x00, 0x00, 0x00, 0x00, 0x00, 0x00, 0x00, 0x00, 0x00, 0x00, 0x00, 0x00, 0x00, 0x00, 0x00, 0x00, 0x00, 0x00, 0x00, 0x00, 0x00, 0x00, 0x00, 0x00, 0x00, 0x00, 0x00, 0x00, 0x00, 0x00, 0x00, 0x00, 0x00, 0x00, 0x00, 0x00, 0x00, 0x00, 0x00, 0x00, 0x00, 0x00, 0x00, 0x00, 0x00, 0x00, 0x00, 0x00, 0x00, 0x00, 0x00, 0x00, 0x00, 0x00, 0x00, 0x00, 0x00, 0x00, 0x00, 0x00, 0x00, 0x00, 0x00, 0x00, 0x00, 0x00, 0x00, 0x00, 0x00, 0x00, 0x00, 0x00, 0x00, 0x00, 0x00, 0x00, 0x00, 0x00, 0x00, 0x00, 0x00, 0x00, 0x00, 0x00, 0x00, 0x00, 0x00, 0x00, 0x00, 0x00, 0x00, 0x00, 0x00, 0x00, 0x00, 0x00, 0x00, 0x00, 0x00, 0x00, 0x00, 0x00, 0x00, 0x00, 0x00, 0x00, 0x00, 0x00, 0x00, 0x00, 0x00, 0x00, 0x00, 0x00, 0x00, 0x00, 0x00, 0x00, 0x00, 0x00, 0x00, 0x00, 0x00, 0x00, 0x00, 0x00, 0x00, 0x00, 0x00, 0x00, 0x00, 0x00, 0x00, 0x00, 0x00, 0x00, 0x00, 0x00, 0x00, 0x00, 0x00, 0x00, 0x00, 0x00, 0x00, 0x00, 0x00, 0x00, 0x00, 0x20, 0x00, 0x20, 0x00, 0x20, 0x00, 0x20, 0x00, 0x21, 0x08, 0x21, 0x08, 0x21, 0x08, 0x21, 0x08, 0x41, 0x08, 0x41, 0x08, 0x41, 0x08, 0x41, 0x08, 0x41, 0x08, 0x41, 0x08, 0x21, 0x08, 0x21, 0x08, 
  0x00, 0x00, 0x00, 0x00, 0x00, 0x00, 0x00, 0x00, 0x00, 0x00, 0x00, 0x00, 0x00, 0x00, 0x00, 0x00, 0x00, 0x00, 0x00, 0x00, 0x00, 0x00, 0x00, 0x00, 0x00, 0x00, 0x00, 0x00, 0x00, 0x00, 0x00, 0x00, 0x00, 0x00, 0x00, 0x00, 0x00, 0x00, 0x00, 0x00, 0x00, 0x00, 0x00, 0x00, 0x00, 0x00, 0x00, 0x00, 0x00, 0x00, 0x00, 0x00, 0x00, 0x00, 0x00, 0x00, 0x00, 0x00, 0x00, 0x00, 0x00, 0x00, 0x00, 0x00, 0x00, 0x00, 0x00, 0x00, 0x00, 0x00, 0x00, 0x00, 0x00, 0x00, 0x00, 0x00, 0x00, 0x00, 0x00, 0x00, 0x00, 0x00, 0x00, 0x00, 0x00, 0x00, 0x00, 0x00, 0x00, 0x00, 0x00, 0x00, 0x00, 0x00, 0x00, 0x00, 0x00, 0x00, 0x00, 0x00, 0x00, 0x00, 0x00, 0x00, 0x00, 0x00, 0x00, 0x00, 0x00, 0x00, 0x00, 0x00, 0x00, 0x00, 0x00, 0x00, 0x00, 0x00, 0x00, 0x00, 0x00, 0x00, 0x00, 0x00, 0x00, 0x00, 0x00, 0x00, 0x00, 0x00, 0x00, 0x00, 0x00, 0x00, 0x00, 0x00, 0x00, 0x00, 0x00, 0x00, 0x00, 0x00, 0x00, 0x00, 0x00, 0x00, 0x00, 0x00, 0x00, 0x00, 0x00, 0x00, 0x00, 0x00, 0x00, 0x00, 0x00, 0x00, 0x00, 0x00, 0x00, 0x00, 0x00, 0x00, 0x00, 0x00, 0x00, 0x00, 0x00, 0x00, 0x00, 0x00, 0x00, 0x00, 0x00, 0x00, 0x00, 0x00, 0x00, 0x00, 0x00, 0x00, 0x00, 0x00, 0x00, 0x00, 0x00, 0x00, 0x00, 0x00, 0x00, 0x00, 0x00, 0x00, 0x00, 0x00, 0x00, 0x00, 0x00, 0x00, 0x00, 0x00, 0x00, 0x00, 0x00, 0x00, 0x00, 0x00, 0x00, 0x00, 0x00, 0x00, 0x00, 0x00, 0x00, 0x00, 0x00, 0x00, 0x00, 0x00, 0x00, 0x00, 0x00, 0x00, 0x00, 0x00, 0x00, 0x00, 0x00, 0x00, 0x00, 0x00, 0x00, 0x00, 0x00, 0x00, 0x00, 0x00, 0x00, 0x00, 0x00, 0x00, 0x00, 0x00, 0x00, 0x00, 0x00, 0x00, 0x00, 0x00, 0x00, 0x00, 0x00, 0x00, 0x00, 0x00, 0x00, 0x00, 0x00, 0x00, 0x00, 0x00, 0x00, 0x00, 0x00, 0x00, 0x00, 0x00, 0x00, 0x00, 0x00, 0x00, 0x00, 0x00, 0x00, 0x00, 0x00, 0x00, 0x00, 0x00, 0x00, 0x00, 0x00, 0x00, 0x00, 0x00, 0x00, 0x00, 0x20, 0x00, 0x20, 0x00, 0x21, 0x08, 0x21, 0x08, 0x21, 0x08, 0x41, 0x08, 0x41, 0x08, 0x41, 0x08, 0x41, 0x08, 0x41, 0x08, 0x41, 0x08, 0x41, 0x08, 0x41, 0x08, 0x41, 0x08, 0x41, 0x08, 0x41, 0x08, 
  0x00, 0x00, 0x00, 0x00, 0x00, 0x00, 0x00, 0x00, 0x00, 0x00, 0x00, 0x00, 0x00, 0x00, 0x00, 0x00, 0x00, 0x00, 0x00, 0x00, 0x00, 0x00, 0x00, 0x00, 0x00, 0x00, 0x00, 0x00, 0x00, 0x00, 0x00, 0x00, 0x00, 0x00, 0x00, 0x00, 0x00, 0x00, 0x00, 0x00, 0x00, 0x00, 0x00, 0x00, 0x00, 0x00, 0x00, 0x00, 0x00, 0x00, 0x00, 0x00, 0x00, 0x00, 0x00, 0x00, 0x00, 0x00, 0x00, 0x00, 0x00, 0x00, 0x00, 0x00, 0x00, 0x00, 0x00, 0x00, 0x00, 0x00, 0x00, 0x00, 0x00, 0x00, 0x00, 0x00, 0x00, 0x00, 0x00, 0x00, 0x00, 0x00, 0x00, 0x00, 0x00, 0x00, 0x00, 0x00, 0x00, 0x00, 0x00, 0x00, 0x00, 0x00, 0x00, 0x00, 0x00, 0x00, 0x00, 0x00, 0x00, 0x00, 0x00, 0x00, 0x00, 0x00, 0x00, 0x00, 0x00, 0x00, 0x00, 0x00, 0x00, 0x00, 0x00, 0x00, 0x00, 0x00, 0x00, 0x00, 0x00, 0x00, 0x00, 0x00, 0x00, 0x00, 0x00, 0x00, 0x00, 0x00, 0x00, 0x00, 0x00, 0x00, 0x00, 0x00, 0x00, 0x00, 0x00, 0x00, 0x00, 0x00, 0x00, 0x00, 0x00, 0x00, 0x00, 0x00, 0x00, 0x00, 0x00, 0x00, 0x00, 0x00, 0x00, 0x00, 0x00, 0x00, 0x00, 0x00, 0x00, 0x00, 0x00, 0x00, 0x00, 0x00, 0x00, 0x00, 0x00, 0x00, 0x00, 0x00, 0x00, 0x00, 0x00, 0x00, 0x00, 0x00, 0x00, 0x00, 0x00, 0x00, 0x00, 0x00, 0x00, 0x00, 0x00, 0x00, 0x00, 0x00, 0x00, 0x00, 0x00, 0x00, 0x00, 0x00, 0x00, 0x00, 0x00, 0x00, 0x00, 0x00, 0x00, 0x00, 0x00, 0x00, 0x00, 0x00, 0x00, 0x00, 0x00, 0x00, 0x00, 0x00, 0x00, 0x00, 0x00, 0x00, 0x00, 0x00, 0x00, 0x00, 0x00, 0x00, 0x00, 0x00, 0x00, 0x00, 0x00, 0x00, 0x00, 0x00, 0x00, 0x00, 0x00, 0x00, 0x00, 0x00, 0x00, 0x00, 0x00, 0x00, 0x00, 0x00, 0x00, 0x00, 0x00, 0x00, 0x00, 0x00, 0x00, 0x00, 0x00, 0x00, 0x00, 0x00, 0x00, 0x00, 0x00, 0x00, 0x00, 0x00, 0x00, 0x00, 0x00, 0x00, 0x00, 0x00, 0x00, 0x00, 0x00, 0x00, 0x00, 0x00, 0x00, 0x00, 0x00, 0x00, 0x00, 0x00, 0x00, 0x00, 0x00, 0x00, 0x00, 0x00, 0x00, 0x00, 0x20, 0x00, 0x21, 0x08, 0x21, 0x08, 0x21, 0x08, 0x41, 0x08, 0x41, 0x08, 0x41, 0x08, 0x41, 0x08, 0x41, 0x08, 0x41, 0x08, 0x41, 0x08, 0x41, 0x08, 0x41, 0x08, 0x41, 0x08, 0x41, 0x08, 0x41, 0x08, 
  0x00, 0x00, 0x00, 0x00, 0x00, 0x00, 0x00, 0x00, 0x00, 0x00, 0x00, 0x00, 0x00, 0x00, 0x00, 0x00, 0x00, 0x00, 0x00, 0x00, 0x00, 0x00, 0x00, 0x00, 0x00, 0x00, 0x00, 0x00, 0x00, 0x00, 0x00, 0x00, 0x00, 0x00, 0x00, 0x00, 0x00, 0x00, 0x00, 0x00, 0x00, 0x00, 0x00, 0x00, 0x00, 0x00, 0x00, 0x00, 0x00, 0x00, 0x00, 0x00, 0x00, 0x00, 0x00, 0x00, 0x00, 0x00, 0x00, 0x00, 0x00, 0x00, 0x00, 0x00, 0x00, 0x00, 0x00, 0x00, 0x00, 0x00, 0x00, 0x00, 0x00, 0x00, 0x00, 0x00, 0x00, 0x00, 0x00, 0x00, 0x00, 0x00, 0x00, 0x00, 0x00, 0x00, 0x00, 0x00, 0x00, 0x00, 0x00, 0x00, 0x00, 0x00, 0x00, 0x00, 0x00, 0x00, 0x00, 0x00, 0x00, 0x00, 0x00, 0x00, 0x00, 0x00, 0x00, 0x00, 0x00, 0x00, 0x00, 0x00, 0x00, 0x00, 0x00, 0x00, 0x00, 0x00, 0x00, 0x00, 0x00, 0x00, 0x00, 0x00, 0x00, 0x00, 0x00, 0x00, 0x00, 0x00, 0x00, 0x00, 0x00, 0x00, 0x00, 0x00, 0x00, 0x00, 0x00, 0x00, 0x00, 0x00, 0x00, 0x00, 0x00, 0x00, 0x00, 0x00, 0x00, 0x00, 0x00, 0x00, 0x00, 0x00, 0x00, 0x00, 0x00, 0x00, 0x00, 0x00, 0x00, 0x00, 0x00, 0x00, 0x00, 0x00, 0x00, 0x00, 0x00, 0x00, 0x00, 0x00, 0x00, 0x00, 0x00, 0x00, 0x00, 0x00, 0x00, 0x00, 0x00, 0x00, 0x00, 0x00, 0x00, 0x00, 0x00, 0x00, 0x00, 0x00, 0x00, 0x00, 0x00, 0x00, 0x00, 0x00, 0x00, 0x00, 0x00, 0x00, 0x00, 0x00, 0x00, 0x00, 0x00, 0x00, 0x00, 0x00, 0x00, 0x00, 0x00, 0x00, 0x00, 0x00, 0x00, 0x00, 0x00, 0x00, 0x00, 0x00, 0x00, 0x00, 0x00, 0x00, 0x00, 0x00, 0x00, 0x00, 0x00, 0x00, 0x00, 0x00, 0x00, 0x00, 0x00, 0x00, 0x00, 0x00, 0x00, 0x00, 0x00, 0x00, 0x00, 0x00, 0x00, 0x00, 0x00, 0x00, 0x00, 0x00, 0x00, 0x00, 0x00, 0x00, 0x00, 0x00, 0x00, 0x00, 0x00, 0x00, 0x00, 0x00, 0x00, 0x00, 0x00, 0x00, 0x00, 0x00, 0x00, 0x00, 0x00, 0x00, 0x00, 0x00, 0x00, 0x00, 0x00, 0x00, 0x00, 0x00, 0x00, 0x00, 0x00, 0x00, 0x00, 0x00, 0x00, 0x00, 0x20, 0x00, 0x21, 0x08, 0x21, 0x08, 0x41, 0x08, 0x41, 0x08, 0x41, 0x08, 0x41, 0x08, 0x41, 0x08, 0x41, 0x08, 0x41, 0x08, 0x41, 0x08, 0x41, 0x08, 0x41, 0x08, 0x41, 0x08, 0x41, 0x08, 0x61, 0x08, 
  0x00, 0x00, 0x00, 0x00, 0x00, 0x00, 0x00, 0x00, 0x00, 0x00, 0x00, 0x00, 0x00, 0x00, 0x00, 0x00, 0x00, 0x00, 0x00, 0x00, 0x00, 0x00, 0x00, 0x00, 0x00, 0x00, 0x00, 0x00, 0x00, 0x00, 0x00, 0x00, 0x00, 0x00, 0x00, 0x00, 0x00, 0x00, 0x00, 0x00, 0x00, 0x00, 0x00, 0x00, 0x00, 0x00, 0x00, 0x00, 0x00, 0x00, 0x00, 0x00, 0x00, 0x00, 0x00, 0x00, 0x00, 0x00, 0x00, 0x00, 0x00, 0x00, 0x00, 0x00, 0x00, 0x00, 0x00, 0x00, 0x00, 0x00, 0x00, 0x00, 0x00, 0x00, 0x00, 0x00, 0x00, 0x00, 0x00, 0x00, 0x00, 0x00, 0x00, 0x00, 0x00, 0x00, 0x00, 0x00, 0x00, 0x00, 0x00, 0x00, 0x00, 0x00, 0x00, 0x00, 0x00, 0x00, 0x00, 0x00, 0x00, 0x00, 0x00, 0x00, 0x00, 0x00, 0x00, 0x00, 0x00, 0x00, 0x00, 0x00, 0x00, 0x00, 0x00, 0x00, 0x00, 0x00, 0x00, 0x00, 0x00, 0x00, 0x00, 0x00, 0x00, 0x00, 0x00, 0x00, 0x00, 0x00, 0x00, 0x00, 0x00, 0x00, 0x00, 0x00, 0x00, 0x00, 0x00, 0x00, 0x00, 0x00, 0x00, 0x00, 0x00, 0x00, 0x00, 0x00, 0x00, 0x00, 0x00, 0x00, 0x00, 0x00, 0x00, 0x00, 0x00, 0x00, 0x00, 0x00, 0x00, 0x00, 0x00, 0x00, 0x00, 0x00, 0x00, 0x00, 0x00, 0x00, 0x00, 0x00, 0x00, 0x00, 0x00, 0x00, 0x00, 0x00, 0x00, 0x00, 0x00, 0x00, 0x00, 0x00, 0x00, 0x00, 0x00, 0x00, 0x00, 0x00, 0x00, 0x00, 0x00, 0x00, 0x00, 0x00, 0x00, 0x00, 0x00, 0x00, 0x00, 0x00, 0x00, 0x00, 0x00, 0x00, 0x00, 0x00, 0x00, 0x00, 0x00, 0x00, 0x00, 0x00, 0x00, 0x00, 0x00, 0x00, 0x00, 0x00, 0x00, 0x00, 0x00, 0x00, 0x00, 0x00, 0x00, 0x00, 0x00, 0x00, 0x00, 0x00, 0x00, 0x00, 0x00, 0x00, 0x00, 0x00, 0x00, 0x00, 0x00, 0x00, 0x00, 0x00, 0x00, 0x00, 0x00, 0x00, 0x00, 0x00, 0x00, 0x00, 0x00, 0x00, 0x00, 0x00, 0x00, 0x00, 0x00, 0x00, 0x00, 0x00, 0x00, 0x00, 0x00, 0x00, 0x00, 0x00, 0x00, 0x00, 0x00, 0x00, 0x00, 0x00, 0x00, 0x00, 0x00, 0x00, 0x00, 0x00, 0x00, 0x00, 0x00, 0x00, 0x00, 0x00, 0x00, 0x00, 0x20, 0x00, 0x21, 0x08, 0x41, 0x08, 0x41, 0x08, 0x41, 0x08, 0x41, 0x08, 0x41, 0x08, 0x41, 0x08, 0x41, 0x08, 0x41, 0x08, 0x41, 0x08, 0x41, 0x08, 0x41, 0x08, 0x41, 0x08, 0x41, 0x08, 0x61, 0x08, 
  0x00, 0x00, 0x00, 0x00, 0x00, 0x00, 0x00, 0x00, 0x00, 0x00, 0x00, 0x00, 0x00, 0x00, 0x00, 0x00, 0x00, 0x00, 0x00, 0x00, 0x00, 0x00, 0x00, 0x00, 0x00, 0x00, 0x00, 0x00, 0x00, 0x00, 0x00, 0x00, 0x00, 0x00, 0x00, 0x00, 0x00, 0x00, 0x00, 0x00, 0x00, 0x00, 0x00, 0x00, 0x00, 0x00, 0x00, 0x00, 0x00, 0x00, 0x00, 0x00, 0x00, 0x00, 0x00, 0x00, 0x00, 0x00, 0x00, 0x00, 0x00, 0x00, 0x00, 0x00, 0x00, 0x00, 0x00, 0x00, 0x00, 0x00, 0x00, 0x00, 0x00, 0x00, 0x00, 0x00, 0x00, 0x00, 0x00, 0x00, 0x00, 0x00, 0x00, 0x00, 0x00, 0x00, 0x00, 0x00, 0x00, 0x00, 0x00, 0x00, 0x00, 0x00, 0x00, 0x00, 0x00, 0x00, 0x00, 0x00, 0x00, 0x00, 0x00, 0x00, 0x00, 0x00, 0x00, 0x00, 0x00, 0x00, 0x00, 0x00, 0x00, 0x00, 0x00, 0x00, 0x00, 0x00, 0x00, 0x00, 0x00, 0x00, 0x00, 0x00, 0x00, 0x00, 0x00, 0x00, 0x00, 0x00, 0x00, 0x00, 0x00, 0x00, 0x00, 0x00, 0x00, 0x00, 0x00, 0x00, 0x00, 0x00, 0x00, 0x00, 0x00, 0x00, 0x00, 0x00, 0x00, 0x00, 0x00, 0x00, 0x00, 0x00, 0x00, 0x00, 0x00, 0x00, 0x00, 0x00, 0x00, 0x00, 0x00, 0x00, 0x00, 0x00, 0x00, 0x00, 0x00, 0x00, 0x00, 0x00, 0x00, 0x00, 0x00, 0x00, 0x00, 0x00, 0x00, 0x00, 0x00, 0x00, 0x00, 0x00, 0x00, 0x00, 0x00, 0x00, 0x00, 0x00, 0x00, 0x00, 0x00, 0x00, 0x00, 0x00, 0x00, 0x00, 0x00, 0x00, 0x00, 0x00, 0x00, 0x00, 0x00, 0x00, 0x00, 0x00, 0x00, 0x00, 0x00, 0x00, 0x00, 0x00, 0x00, 0x00, 0x00, 0x00, 0x00, 0x00, 0x00, 0x00, 0x00, 0x00, 0x00, 0x00, 0x00, 0x00, 0x00, 0x00, 0x00, 0x00, 0x00, 0x00, 0x00, 0x00, 0x00, 0x00, 0x00, 0x00, 0x00, 0x00, 0x00, 0x00, 0x00, 0x00, 0x00, 0x00, 0x00, 0x00, 0x00, 0x00, 0x00, 0x00, 0x00, 0x00, 0x00, 0x00, 0x00, 0x00, 0x00, 0x00, 0x00, 0x00, 0x00, 0x00, 0x00, 0x00, 0x00, 0x00, 0x00, 0x00, 0x00, 0x00, 0x00, 0x00, 0x00, 0x00, 0x00, 0x00, 0x00, 0x00, 0x00, 0x00, 0x00, 0x00, 0x00, 0x00, 0x20, 0x00, 0x21, 0x08, 0x41, 0x08, 0x41, 0x08, 0x41, 0x08, 0x41, 0x08, 0x41, 0x08, 0x41, 0x08, 0x41, 0x08, 0x41, 0x08, 0x41, 0x08, 0x41, 0x08, 0x21, 0x08, 0x41, 0x08, 0x41, 0x08, 0x61, 0x08, 
  0x00, 0x00, 0x00, 0x00, 0x00, 0x00, 0x00, 0x00, 0x00, 0x00, 0x00, 0x00, 0x00, 0x00, 0x00, 0x00, 0x00, 0x00, 0x00, 0x00, 0x00, 0x00, 0x00, 0x00, 0x00, 0x00, 0x00, 0x00, 0x00, 0x00, 0x00, 0x00, 0x00, 0x00, 0x00, 0x00, 0x00, 0x00, 0x00, 0x00, 0x00, 0x00, 0x00, 0x00, 0x00, 0x00, 0x00, 0x00, 0x00, 0x00, 0x00, 0x00, 0x00, 0x00, 0x00, 0x00, 0x00, 0x00, 0x00, 0x00, 0x00, 0x00, 0x00, 0x00, 0x00, 0x00, 0x00, 0x00, 0x00, 0x00, 0x00, 0x00, 0x00, 0x00, 0x00, 0x00, 0x00, 0x00, 0x00, 0x00, 0x00, 0x00, 0x00, 0x00, 0x00, 0x00, 0x00, 0x00, 0x00, 0x00, 0x00, 0x00, 0x00, 0x00, 0x00, 0x00, 0x00, 0x00, 0x00, 0x00, 0x00, 0x00, 0x00, 0x00, 0x00, 0x00, 0x00, 0x00, 0x00, 0x00, 0x00, 0x00, 0x00, 0x00, 0x00, 0x00, 0x00, 0x00, 0x00, 0x00, 0x00, 0x00, 0x00, 0x00, 0x00, 0x00, 0x00, 0x00, 0x00, 0x00, 0x00, 0x00, 0x00, 0x00, 0x00, 0x00, 0x00, 0x00, 0x00, 0x00, 0x00, 0x00, 0x00, 0x00, 0x00, 0x00, 0x00, 0x00, 0x00, 0x00, 0x00, 0x00, 0x00, 0x00, 0x00, 0x00, 0x00, 0x00, 0x00, 0x00, 0x00, 0x00, 0x00, 0x00, 0x00, 0x00, 0x00, 0x00, 0x00, 0x00, 0x00, 0x00, 0x00, 0x00, 0x00, 0x00, 0x00, 0x00, 0x00, 0x00, 0x00, 0x00, 0x00, 0x00, 0x00, 0x00, 0x00, 0x00, 0x00, 0x00, 0x00, 0x00, 0x00, 0x00, 0x00, 0x00, 0x00, 0x00, 0x00, 0x00, 0x00, 0x00, 0x00, 0x00, 0x00, 0x00, 0x00, 0x00, 0x00, 0x00, 0x00, 0x00, 0x00, 0x00, 0x00, 0x00, 0x00, 0x00, 0x00, 0x00, 0x00, 0x00, 0x00, 0x00, 0x00, 0x00, 0x00, 0x00, 0x00, 0x00, 0x00, 0x00, 0x00, 0x00, 0x00, 0x00, 0x00, 0x00, 0x00, 0x00, 0x00, 0x00, 0x00, 0x00, 0x00, 0x00, 0x00, 0x00, 0x00, 0x00, 0x00, 0x00, 0x00, 0x00, 0x00, 0x00, 0x00, 0x00, 0x00, 0x00, 0x00, 0x00, 0x00, 0x00, 0x00, 0x00, 0x00, 0x00, 0x00, 0x00, 0x00, 0x00, 0x00, 0x00, 0x00, 0x00, 0x00, 0x00, 0x00, 0x00, 0x00, 0x00, 0x00, 0x00, 0x00, 0x00, 0x00, 0x00, 0x20, 0x00, 0x21, 0x08, 0x41, 0x08, 0x41, 0x08, 0x41, 0x08, 0x41, 0x08, 0x41, 0x08, 0x41, 0x08, 0x41, 0x08, 0x41, 0x08, 0x41, 0x08, 0x41, 0x08, 0x21, 0x08, 0x21, 0x08, 0x21, 0x08, 0x41, 0x08, 
  0x00, 0x00, 0x20, 0x00, 0x20, 0x00, 0x00, 0x00, 0x00, 0x00, 0x00, 0x00, 0x00, 0x00, 0x00, 0x00, 0x00, 0x00, 0x00, 0x00, 0x00, 0x00, 0x00, 0x00, 0x00, 0x00, 0x00, 0x00, 0x00, 0x00, 0x00, 0x00, 0x00, 0x00, 0x00, 0x00, 0x00, 0x00, 0x00, 0x00, 0x00, 0x00, 0x00, 0x00, 0x00, 0x00, 0x00, 0x00, 0x00, 0x00, 0x00, 0x00, 0x00, 0x00, 0x00, 0x00, 0x00, 0x00, 0x00, 0x00, 0x00, 0x00, 0x00, 0x00, 0x00, 0x00, 0x00, 0x00, 0x00, 0x00, 0x00, 0x00, 0x00, 0x00, 0x00, 0x00, 0x00, 0x00, 0x00, 0x00, 0x00, 0x00, 0x00, 0x00, 0x00, 0x00, 0x00, 0x00, 0x00, 0x00, 0x00, 0x00, 0x00, 0x00, 0x00, 0x00, 0x00, 0x00, 0x00, 0x00, 0x00, 0x00, 0x00, 0x00, 0x00, 0x00, 0x00, 0x00, 0x00, 0x00, 0x00, 0x00, 0x00, 0x00, 0x00, 0x00, 0x00, 0x00, 0x00, 0x00, 0x00, 0x00, 0x00, 0x00, 0x00, 0x00, 0x00, 0x00, 0x00, 0x00, 0x00, 0x00, 0x00, 0x00, 0x00, 0x00, 0x00, 0x00, 0x00, 0x00, 0x00, 0x00, 0x00, 0x00, 0x00, 0x00, 0x00, 0x00, 0x00, 0x00, 0x00, 0x00, 0x00, 0x00, 0x00, 0x00, 0x00, 0x00, 0x00, 0x00, 0x00, 0x00, 0x00, 0x00, 0x00, 0x00, 0x00, 0x00, 0x00, 0x00, 0x00, 0x00, 0x00, 0x00, 0x00, 0x00, 0x00, 0x00, 0x00, 0x00, 0x00, 0x00, 0x00, 0x00, 0x00, 0x00, 0x00, 0x00, 0x00, 0x00, 0x00, 0x00, 0x00, 0x00, 0x00, 0x00, 0x00, 0x00, 0x00, 0x00, 0x00, 0x00, 0x00, 0x00, 0x00, 0x00, 0x00, 0x00, 0x00, 0x00, 0x00, 0x00, 0x00, 0x00, 0x00, 0x00, 0x00, 0x00, 0x00, 0x00, 0x00, 0x00, 0x00, 0x00, 0x00, 0x00, 0x00, 0x00, 0x00, 0x00, 0x00, 0x00, 0x00, 0x00, 0x00, 0x00, 0x00, 0x00, 0x00, 0x00, 0x00, 0x00, 0x00, 0x00, 0x00, 0x00, 0x00, 0x00, 0x00, 0x00, 0x00, 0x00, 0x00, 0x00, 0x00, 0x00, 0x00, 0x00, 0x00, 0x00, 0x00, 0x00, 0x00, 0x00, 0x00, 0x00, 0x00, 0x00, 0x00, 0x00, 0x00, 0x00, 0x00, 0x00, 0x00, 0x00, 0x00, 0x00, 0x00, 0x00, 0x00, 0x00, 0x00, 0x00, 0x00, 0x00, 0x00, 0x00, 0x20, 0x00, 0x21, 0x08, 0x41, 0x08, 0x41, 0x08, 0x41, 0x08, 0x41, 0x08, 0x41, 0x08, 0x41, 0x08, 0x41, 0x08, 0x61, 0x08, 0x41, 0x08, 0x21, 0x08, 0x20, 0x00, 0x20, 0x00, 0x20, 0x00, 0x21, 0x08, 
  0x20, 0x00, 0x20, 0x00, 0x20, 0x00, 0x20, 0x00, 0x00, 0x00, 0x00, 0x00, 0x00, 0x00, 0x00, 0x00, 0x00, 0x00, 0x00, 0x00, 0x00, 0x00, 0x00, 0x00, 0x00, 0x00, 0x00, 0x00, 0x00, 0x00, 0x00, 0x00, 0x00, 0x00, 0x00, 0x00, 0x00, 0x00, 0x00, 0x00, 0x00, 0x00, 0x00, 0x00, 0x00, 0x00, 0x00, 0x00, 0x00, 0x00, 0x00, 0x00, 0x00, 0x00, 0x00, 0x00, 0x00, 0x00, 0x00, 0x00, 0x00, 0x00, 0x00, 0x00, 0x00, 0x00, 0x00, 0x00, 0x00, 0x00, 0x00, 0x00, 0x00, 0x00, 0x00, 0x00, 0x00, 0x00, 0x00, 0x00, 0x00, 0x00, 0x00, 0x00, 0x00, 0x00, 0x00, 0x00, 0x00, 0x00, 0x00, 0x00, 0x00, 0x00, 0x00, 0x00, 0x00, 0x00, 0x00, 0x00, 0x00, 0x00, 0x00, 0x00, 0x00, 0x00, 0x00, 0x00, 0x00, 0x00, 0x00, 0x00, 0x00, 0x00, 0x00, 0x00, 0x00, 0x00, 0x00, 0x00, 0x00, 0x00, 0x00, 0x00, 0x00, 0x00, 0x00, 0x00, 0x00, 0x00, 0x00, 0x00, 0x00, 0x00, 0x00, 0x00, 0x00, 0x00, 0x00, 0x00, 0x00, 0x00, 0x00, 0x00, 0x00, 0x00, 0x00, 0x00, 0x00, 0x00, 0x00, 0x00, 0x00, 0x00, 0x00, 0x00, 0x00, 0x00, 0x00, 0x00, 0x00, 0x00, 0x00, 0x00, 0x00, 0x00, 0x00, 0x00, 0x00, 0x00, 0x00, 0x00, 0x00, 0x00, 0x00, 0x00, 0x00, 0x00, 0x00, 0x00, 0x00, 0x00, 0x00, 0x00, 0x00, 0x00, 0x00, 0x00, 0x00, 0x00, 0x00, 0x00, 0x00, 0x00, 0x00, 0x00, 0x00, 0x00, 0x00, 0x00, 0x00, 0x00, 0x00, 0x00, 0x00, 0x00, 0x00, 0x00, 0x00, 0x00, 0x00, 0x00, 0x00, 0x00, 0x00, 0x00, 0x00, 0x00, 0x00, 0x00, 0x00, 0x00, 0x00, 0x00, 0x00, 0x00, 0x00, 0x00, 0x00, 0x00, 0x00, 0x00, 0x00, 0x00, 0x00, 0x00, 0x00, 0x00, 0x00, 0x00, 0x00, 0x00, 0x00, 0x00, 0x00, 0x00, 0x00, 0x00, 0x00, 0x00, 0x00, 0x00, 0x00, 0x00, 0x00, 0x00, 0x00, 0x00, 0x00, 0x00, 0x00, 0x00, 0x00, 0x00, 0x00, 0x00, 0x00, 0x00, 0x00, 0x00, 0x00, 0x00, 0x00, 0x00, 0x00, 0x00, 0x00, 0x00, 0x00, 0x00, 0x00, 0x00, 0x00, 0x00, 0x00, 0x00, 0x00, 0x00, 0x00, 0x00, 0x20, 0x00, 0x41, 0x08, 0x41, 0x08, 0x61, 0x08, 0x41, 0x08, 0x41, 0x08, 0x61, 0x08, 0x61, 0x08, 0x61, 0x08, 0x61, 0x08, 0x21, 0x08, 0x21, 0x08, 0x21, 0x08, 0x20, 0x00, 0x21, 0x08, 
  0x20, 0x00, 0x20, 0x00, 0x20, 0x00, 0x00, 0x00, 0x00, 0x00, 0x00, 0x00, 0x00, 0x00, 0x00, 0x00, 0x00, 0x00, 0x00, 0x00, 0x00, 0x00, 0x00, 0x00, 0x00, 0x00, 0x00, 0x00, 0x00, 0x00, 0x00, 0x00, 0x00, 0x00, 0x00, 0x00, 0x00, 0x00, 0x00, 0x00, 0x00, 0x00, 0x00, 0x00, 0x00, 0x00, 0x00, 0x00, 0x00, 0x00, 0x00, 0x00, 0x00, 0x00, 0x00, 0x00, 0x00, 0x00, 0x00, 0x00, 0x00, 0x00, 0x00, 0x00, 0x00, 0x00, 0x00, 0x00, 0x00, 0x00, 0x00, 0x00, 0x00, 0x00, 0x00, 0x00, 0x00, 0x00, 0x00, 0x00, 0x00, 0x00, 0x00, 0x00, 0x00, 0x00, 0x00, 0x00, 0x00, 0x00, 0x00, 0x00, 0x00, 0x00, 0x00, 0x00, 0x00, 0x00, 0x00, 0x00, 0x00, 0x00, 0x00, 0x00, 0x00, 0x00, 0x00, 0x00, 0x00, 0x00, 0x00, 0x08, 0x00, 0x08, 0x00, 0x08, 0x00, 0x08, 0x00, 0x00, 0x00, 0x00, 0x00, 0x00, 0x00, 0x00, 0x00, 0x00, 0x00, 0x00, 0x00, 0x00, 0x00, 0x00, 0x00, 0x00, 0x00, 0x00, 0x00, 0x00, 0x00, 0x00, 0x00, 0x00, 0x00, 0x00, 0x00, 0x00, 0x00, 0x00, 0x00, 0x00, 0x00, 0x00, 0x00, 0x00, 0x00, 0x00, 0x00, 0x00, 0x00, 0x00, 0x00, 0x00, 0x00, 0x00, 0x00, 0x00, 0x00, 0x00, 0x00, 0x00, 0x00, 0x00, 0x00, 0x00, 0x00, 0x00, 0x00, 0x00, 0x00, 0x00, 0x00, 0x00, 0x00, 0x00, 0x00, 0x00, 0x00, 0x00, 0x00, 0x00, 0x00, 0x00, 0x00, 0x00, 0x00, 0x00, 0x00, 0x00, 0x00, 0x00, 0x00, 0x00, 0x00, 0x00, 0x00, 0x00, 0x00, 0x00, 0x00, 0x00, 0x00, 0x00, 0x00, 0x00, 0x00, 0x00, 0x00, 0x00, 0x00, 0x00, 0x00, 0x00, 0x00, 0x00, 0x00, 0x00, 0x00, 0x00, 0x00, 0x00, 0x00, 0x00, 0x00, 0x00, 0x00, 0x00, 0x00, 0x00, 0x00, 0x00, 0x00, 0x00, 0x00, 0x00, 0x00, 0x00, 0x00, 0x00, 0x00, 0x00, 0x00, 0x00, 0x00, 0x00, 0x00, 0x00, 0x00, 0x00, 0x00, 0x00, 0x00, 0x00, 0x00, 0x00, 0x00, 0x00, 0x00, 0x00, 0x00, 0x00, 0x00, 0x00, 0x00, 0x00, 0x00, 0x00, 0x00, 0x00, 0x00, 0x00, 0x00, 0x00, 0x00, 0x00, 0x00, 0x00, 0x00, 0x00, 0x00, 0x00, 0x20, 0x00, 0x41, 0x08, 0x61, 0x08, 0x62, 0x10, 0x62, 0x10, 0x62, 0x10, 0x61, 0x08, 0x61, 0x08, 0x61, 0x08, 0x41, 0x08, 0x21, 0x08, 0x21, 0x08, 0x21, 0x08, 0x21, 0x08, 
  0x20, 0x00, 0x20, 0x00, 0x20, 0x00, 0x00, 0x00, 0x00, 0x00, 0x00, 0x00, 0x00, 0x00, 0x00, 0x00, 0x00, 0x00, 0x00, 0x00, 0x00, 0x00, 0x00, 0x00, 0x00, 0x00, 0x00, 0x00, 0x00, 0x00, 0x00, 0x00, 0x00, 0x00, 0x00, 0x00, 0x00, 0x00, 0x00, 0x00, 0x00, 0x00, 0x00, 0x00, 0x00, 0x00, 0x00, 0x00, 0x00, 0x00, 0x00, 0x00, 0x00, 0x00, 0x00, 0x00, 0x00, 0x00, 0x00, 0x00, 0x00, 0x00, 0x00, 0x00, 0x00, 0x00, 0x00, 0x00, 0x00, 0x00, 0x00, 0x00, 0x00, 0x00, 0x00, 0x00, 0x00, 0x00, 0x00, 0x00, 0x00, 0x00, 0x00, 0x00, 0x00, 0x00, 0x00, 0x00, 0x00, 0x00, 0x00, 0x00, 0x00, 0x00, 0x00, 0x00, 0x00, 0x00, 0x00, 0x00, 0x00, 0x00, 0x00, 0x00, 0x00, 0x00, 0x00, 0x08, 0x00, 0x08, 0x00, 0x08, 0x00, 0x08, 0x00, 0x08, 0x00, 0x08, 0x00, 0x08, 0x00, 0x00, 0x00, 0x00, 0x00, 0x00, 0x00, 0x00, 0x00, 0x00, 0x00, 0x00, 0x00, 0x00, 0x00, 0x00, 0x00, 0x00, 0x00, 0x00, 0x00, 0x00, 0x00, 0x00, 0x00, 0x00, 0x00, 0x00, 0x00, 0x00, 0x00, 0x00, 0x00, 0x00, 0x00, 0x00, 0x00, 0x00, 0x00, 0x00, 0x00, 0x00, 0x00, 0x00, 0x00, 0x00, 0x00, 0x00, 0x00, 0x00, 0x00, 0x00, 0x00, 0x00, 0x00, 0x00, 0x00, 0x00, 0x00, 0x00, 0x00, 0x00, 0x00, 0x00, 0x00, 0x00, 0x00, 0x00, 0x00, 0x00, 0x00, 0x00, 0x00, 0x00, 0x00, 0x00, 0x00, 0x00, 0x00, 0x00, 0x00, 0x00, 0x00, 0x00, 0x00, 0x00, 0x00, 0x00, 0x00, 0x00, 0x00, 0x00, 0x00, 0x00, 0x00, 0x00, 0x00, 0x00, 0x00, 0x00, 0x00, 0x00, 0x00, 0x00, 0x00, 0x00, 0x00, 0x00, 0x00, 0x00, 0x00, 0x00, 0x00, 0x00, 0x00, 0x00, 0x00, 0x00, 0x00, 0x00, 0x00, 0x00, 0x00, 0x00, 0x00, 0x00, 0x00, 0x00, 0x00, 0x00, 0x00, 0x00, 0x00, 0x00, 0x00, 0x00, 0x00, 0x00, 0x00, 0x00, 0x00, 0x00, 0x00, 0x00, 0x00, 0x00, 0x00, 0x00, 0x00, 0x00, 0x00, 0x00, 0x00, 0x00, 0x00, 0x00, 0x00, 0x00, 0x00, 0x00, 0x00, 0x00, 0x00, 0x00, 0x00, 0x00, 0x00, 0x00, 0x00, 0x00, 0x00, 0x00, 0x00, 0x00, 0x21, 0x08, 0x41, 0x08, 0x61, 0x08, 0x62, 0x10, 0x62, 0x10, 0x62, 0x10, 0x61, 0x08, 0x41, 0x08, 0x41, 0x08, 0x21, 0x08, 0x41, 0x08, 0x21, 0x08, 0x41, 0x08, 
  0x20, 0x00, 0x20, 0x00, 0x20, 0x00, 0x20, 0x00, 0x00, 0x00, 0x00, 0x00, 0x00, 0x00, 0x00, 0x00, 0x00, 0x00, 0x00, 0x00, 0x00, 0x00, 0x00, 0x00, 0x00, 0x00, 0x00, 0x00, 0x00, 0x00, 0x00, 0x00, 0x00, 0x00, 0x00, 0x00, 0x00, 0x00, 0x00, 0x00, 0x00, 0x00, 0x00, 0x00, 0x00, 0x00, 0x00, 0x00, 0x00, 0x00, 0x00, 0x00, 0x00, 0x00, 0x00, 0x00, 0x00, 0x00, 0x00, 0x00, 0x00, 0x00, 0x00, 0x00, 0x00, 0x00, 0x00, 0x00, 0x00, 0x00, 0x00, 0x00, 0x00, 0x00, 0x00, 0x00, 0x00, 0x00, 0x00, 0x00, 0x00, 0x00, 0x00, 0x00, 0x00, 0x00, 0x00, 0x00, 0x00, 0x00, 0x00, 0x00, 0x00, 0x00, 0x00, 0x00, 0x00, 0x00, 0x00, 0x00, 0x00, 0x00, 0x00, 0x00, 0x00, 0x00, 0x00, 0x08, 0x00, 0x08, 0x00, 0x08, 0x00, 0x08, 0x00, 0x08, 0x00, 0x08, 0x00, 0x08, 0x00, 0x08, 0x00, 0x00, 0x00, 0x00, 0x00, 0x00, 0x00, 0x00, 0x00, 0x00, 0x00, 0x00, 0x00, 0x00, 0x00, 0x00, 0x00, 0x00, 0x00, 0x00, 0x00, 0x00, 0x00, 0x00, 0x00, 0x00, 0x00, 0x00, 0x00, 0x00, 0x00, 0x00, 0x00, 0x00, 0x00, 0x00, 0x00, 0x00, 0x00, 0x00, 0x00, 0x00, 0x00, 0x00, 0x00, 0x00, 0x00, 0x00, 0x00, 0x00, 0x00, 0x00, 0x00, 0x00, 0x00, 0x00, 0x00, 0x00, 0x00, 0x00, 0x00, 0x00, 0x00, 0x00, 0x00, 0x00, 0x00, 0x00, 0x00, 0x00, 0x00, 0x00, 0x00, 0x00, 0x00, 0x00, 0x00, 0x00, 0x00, 0x00, 0x00, 0x00, 0x00, 0x00, 0x00, 0x00, 0x00, 0x00, 0x00, 0x00, 0x00, 0x00, 0x00, 0x00, 0x00, 0x00, 0x00, 0x00, 0x00, 0x00, 0x00, 0x00, 0x00, 0x00, 0x00, 0x00, 0x00, 0x00, 0x00, 0x00, 0x00, 0x00, 0x00, 0x00, 0x00, 0x00, 0x00, 0x00, 0x00, 0x00, 0x00, 0x00, 0x00, 0x00, 0x00, 0x00, 0x00, 0x00, 0x00, 0x00, 0x00, 0x00, 0x00, 0x00, 0x00, 0x00, 0x00, 0x00, 0x00, 0x00, 0x00, 0x00, 0x00, 0x00, 0x00, 0x00, 0x00, 0x00, 0x00, 0x00, 0x00, 0x00, 0x00, 0x00, 0x00, 0x00, 0x00, 0x00, 0x00, 0x00, 0x00, 0x00, 0x00, 0x00, 0x00, 0x00, 0x00, 0x00, 0x00, 0x00, 0x00, 0x00, 0x00, 0x00, 0x20, 0x00, 0x21, 0x08, 0x41, 0x08, 0x61, 0x08, 0x61, 0x08, 0x61, 0x08, 0x41, 0x08, 0x41, 0x08, 0x41, 0x08, 0x41, 0x08, 0x21, 0x08, 0x41, 0x08, 
  0x20, 0x00, 0x20, 0x00, 0x20, 0x00, 0x20, 0x00, 0x20, 0x00, 0x00, 0x00, 0x00, 0x00, 0x00, 0x00, 0x00, 0x00, 0x00, 0x00, 0x00, 0x00, 0x00, 0x00, 0x00, 0x00, 0x00, 0x00, 0x00, 0x00, 0x00, 0x00, 0x00, 0x00, 0x00, 0x00, 0x00, 0x00, 0x00, 0x00, 0x00, 0x00, 0x00, 0x00, 0x00, 0x00, 0x00, 0x00, 0x00, 0x00, 0x00, 0x00, 0x00, 0x00, 0x00, 0x00, 0x00, 0x00, 0x00, 0x00, 0x00, 0x00, 0x00, 0x00, 0x00, 0x00, 0x00, 0x00, 0x00, 0x00, 0x00, 0x00, 0x00, 0x00, 0x00, 0x00, 0x00, 0x00, 0x00, 0x00, 0x00, 0x00, 0x00, 0x00, 0x00, 0x00, 0x00, 0x00, 0x00, 0x00, 0x00, 0x00, 0x00, 0x00, 0x00, 0x00, 0x00, 0x00, 0x00, 0x00, 0x00, 0x00, 0x00, 0x00, 0x00, 0x08, 0x00, 0x08, 0x00, 0x08, 0x00, 0x08, 0x00, 0x08, 0x00, 0x08, 0x00, 0x08, 0x00, 0x08, 0x00, 0x08, 0x00, 0x08, 0x00, 0x00, 0x00, 0x00, 0x00, 0x00, 0x00, 0x00, 0x00, 0x00, 0x00, 0x00, 0x00, 0x00, 0x00, 0x00, 0x00, 0x00, 0x00, 0x00, 0x00, 0x00, 0x00, 0x00, 0x00, 0x00, 0x00, 0x00, 0x00, 0x00, 0x00, 0x00, 0x00, 0x00, 0x00, 0x00, 0x00, 0x00, 0x00, 0x00, 0x00, 0x00, 0x00, 0x00, 0x00, 0x00, 0x00, 0x00, 0x00, 0x00, 0x00, 0x00, 0x00, 0x00, 0x00, 0x00, 0x00, 0x00, 0x00, 0x00, 0x00, 0x00, 0x00, 0x00, 0x00, 0x00, 0x00, 0x00, 0x00, 0x00, 0x00, 0x00, 0x00, 0x00, 0x00, 0x00, 0x00, 0x00, 0x00, 0x00, 0x00, 0x00, 0x00, 0x00, 0x00, 0x00, 0x00, 0x00, 0x00, 0x00, 0x00, 0x00, 0x00, 0x00, 0x00, 0x00, 0x00, 0x00, 0x00, 0x00, 0x00, 0x00, 0x00, 0x00, 0x00, 0x00, 0x00, 0x00, 0x00, 0x00, 0x00, 0x00, 0x00, 0x00, 0x00, 0x00, 0x00, 0x00, 0x00, 0x00, 0x00, 0x00, 0x00, 0x00, 0x00, 0x00, 0x00, 0x00, 0x00, 0x00, 0x00, 0x00, 0x00, 0x00, 0x00, 0x00, 0x00, 0x00, 0x00, 0x00, 0x00, 0x00, 0x00, 0x00, 0x00, 0x00, 0x00, 0x00, 0x00, 0x00, 0x00, 0x00, 0x00, 0x00, 0x00, 0x00, 0x00, 0x00, 0x00, 0x00, 0x00, 0x00, 0x00, 0x00, 0x00, 0x00, 0x00, 0x00, 0x20, 0x00, 0x21, 0x08, 0x20, 0x00, 0x00, 0x00, 0x00, 0x00, 0x20, 0x00, 0x21, 0x08, 0x41, 0x08, 0x41, 0x08, 0x41, 0x08, 0x41, 0x08, 0x21, 0x08, 0x21, 0x08, 0x61, 0x08, 
  0x20, 0x00, 0x20, 0x00, 0x20, 0x00, 0x20, 0x00, 0x20, 0x00, 0x20, 0x00, 0x20, 0x00, 0x20, 0x00, 0x00, 0x00, 0x00, 0x00, 0x00, 0x00, 0x00, 0x00, 0x00, 0x00, 0x00, 0x00, 0x00, 0x00, 0x00, 0x00, 0x00, 0x00, 0x00, 0x00, 0x00, 0x00, 0x00, 0x00, 0x00, 0x00, 0x00, 0x00, 0x00, 0x00, 0x00, 0x00, 0x00, 0x00, 0x00, 0x00, 0x00, 0x00, 0x00, 0x00, 0x00, 0x00, 0x00, 0x00, 0x00, 0x00, 0x00, 0x00, 0x00, 0x00, 0x00, 0x00, 0x00, 0x00, 0x00, 0x00, 0x00, 0x00, 0x00, 0x00, 0x00, 0x00, 0x00, 0x00, 0x00, 0x00, 0x00, 0x00, 0x00, 0x00, 0x00, 0x00, 0x00, 0x00, 0x00, 0x00, 0x00, 0x00, 0x00, 0x00, 0x00, 0x00, 0x00, 0x00, 0x00, 0x00, 0x00, 0x08, 0x00, 0x08, 0x00, 0x08, 0x00, 0x08, 0x00, 0x08, 0x20, 0x08, 0x20, 0x08, 0x20, 0x08, 0x00, 0x08, 0x00, 0x08, 0x00, 0x08, 0x00, 0x08, 0x00, 0x00, 0x00, 0x00, 0x00, 0x00, 0x00, 0x00, 0x00, 0x00, 0x00, 0x00, 0x00, 0x00, 0x00, 0x00, 0x00, 0x00, 0x00, 0x00, 0x00, 0x00, 0x00, 0x00, 0x00, 0x00, 0x00, 0x00, 0x00, 0x00, 0x00, 0x00, 0x00, 0x00, 0x00, 0x00, 0x00, 0x00, 0x00, 0x00, 0x00, 0x00, 0x00, 0x00, 0x00, 0x00, 0x00, 0x00, 0x00, 0x00, 0x00, 0x00, 0x00, 0x00, 0x00, 0x00, 0x00, 0x00, 0x00, 0x00, 0x00, 0x00, 0x00, 0x00, 0x00, 0x00, 0x00, 0x00, 0x00, 0x00, 0x00, 0x00, 0x00, 0x00, 0x00, 0x00, 0x00, 0x00, 0x00, 0x00, 0x00, 0x00, 0x00, 0x00, 0x00, 0x00, 0x00, 0x00, 0x00, 0x00, 0x00, 0x00, 0x00, 0x00, 0x00, 0x00, 0x00, 0x00, 0x00, 0x00, 0x00, 0x00, 0x00, 0x00, 0x00, 0x00, 0x00, 0x00, 0x00, 0x00, 0x00, 0x00, 0x00, 0x00, 0x00, 0x00, 0x00, 0x00, 0x00, 0x00, 0x00, 0x00, 0x00, 0x00, 0x00, 0x00, 0x00, 0x00, 0x00, 0x00, 0x00, 0x00, 0x20, 0x00, 0x20, 0x00, 0x20, 0x00, 0x20, 0x00, 0x20, 0x00, 0x20, 0x00, 0x20, 0x00, 0x20, 0x00, 0x00, 0x00, 0x00, 0x00, 0x00, 0x00, 0x00, 0x00, 0x00, 0x00, 0x00, 0x00, 0x00, 0x00, 0x00, 0x00, 0x20, 0x00, 0x21, 0x08, 0x21, 0x08, 0x21, 0x08, 0x20, 0x00, 0x20, 0x00, 0x20, 0x00, 0x00, 0x00, 0x21, 0x08, 0x41, 0x08, 0x41, 0x08, 0x41, 0x08, 0x41, 0x08, 0x41, 0x08, 0x61, 0x08, 
  0x21, 0x08, 0x41, 0x08, 0x41, 0x08, 0x41, 0x08, 0x41, 0x08, 0x21, 0x08, 0x20, 0x00, 0x00, 0x00, 0x00, 0x00, 0x00, 0x00, 0x00, 0x00, 0x00, 0x00, 0x00, 0x00, 0x00, 0x00, 0x00, 0x00, 0x00, 0x00, 0x00, 0x00, 0x00, 0x00, 0x00, 0x00, 0x00, 0x00, 0x00, 0x00, 0x00, 0x00, 0x00, 0x00, 0x00, 0x00, 0x00, 0x00, 0x00, 0x00, 0x00, 0x00, 0x00, 0x00, 0x00, 0x00, 0x00, 0x00, 0x00, 0x00, 0x00, 0x00, 0x00, 0x00, 0x00, 0x00, 0x00, 0x00, 0x00, 0x00, 0x00, 0x00, 0x00, 0x00, 0x00, 0x00, 0x00, 0x00, 0x00, 0x00, 0x00, 0x00, 0x00, 0x00, 0x00, 0x00, 0x00, 0x00, 0x00, 0x00, 0x00, 0x00, 0x00, 0x00, 0x00, 0x00, 0x00, 0x00, 0x00, 0x08, 0x00, 0x08, 0x00, 0x08, 0x00, 0x08, 0x00, 0x08, 0x20, 0x08, 0x20, 0x08, 0x20, 0x08, 0x20, 0x08, 0x20, 0x08, 0x00, 0x08, 0x00, 0x08, 0x00, 0x08, 0x00, 0x00, 0x00, 0x00, 0x00, 0x00, 0x00, 0x00, 0x00, 0x00, 0x00, 0x00, 0x00, 0x00, 0x00, 0x00, 0x00, 0x00, 0x00, 0x00, 0x00, 0x00, 0x00, 0x00, 0x00, 0x00, 0x00, 0x00, 0x00, 0x00, 0x00, 0x00, 0x00, 0x00, 0x00, 0x00, 0x00, 0x00, 0x00, 0x00, 0x00, 0x00, 0x00, 0x00, 0x00, 0x00, 0x00, 0x00, 0x00, 0x00, 0x00, 0x00, 0x00, 0x00, 0x00, 0x00, 0x00, 0x00, 0x00, 0x00, 0x00, 0x00, 0x00, 0x00, 0x00, 0x00, 0x00, 0x00, 0x00, 0x00, 0x00, 0x00, 0x00, 0x00, 0x00, 0x00, 0x00, 0x00, 0x00, 0x00, 0x00, 0x00, 0x00, 0x00, 0x00, 0x00, 0x00, 0x00, 0x00, 0x00, 0x00, 0x00, 0x00, 0x00, 0x00, 0x00, 0x00, 0x00, 0x00, 0x00, 0x00, 0x00, 0x00, 0x00, 0x00, 0x00, 0x00, 0x00, 0x00, 0x00, 0x00, 0x00, 0x00, 0x00, 0x00, 0x00, 0x00, 0x00, 0x00, 0x00, 0x00, 0x00, 0x00, 0x00, 0x00, 0x00, 0x00, 0x00, 0x20, 0x00, 0x20, 0x00, 0x20, 0x00, 0x20, 0x00, 0x20, 0x00, 0x20, 0x00, 0x20, 0x00, 0x21, 0x08, 0x20, 0x08, 0x20, 0x00, 0x20, 0x00, 0x00, 0x00, 0x00, 0x00, 0x00, 0x00, 0x00, 0x00, 0x00, 0x00, 0x00, 0x00, 0x20, 0x00, 0x41, 0x08, 0x41, 0x08, 0x21, 0x08, 0x21, 0x08, 0x21, 0x08, 0x21, 0x08, 0x20, 0x00, 0x20, 0x00, 0x20, 0x00, 0x21, 0x08, 0x41, 0x08, 0x41, 0x08, 0x41, 0x08, 0x41, 0x08, 0x41, 0x08, 
  0x61, 0x10, 0x61, 0x08, 0x41, 0x08, 0x41, 0x08, 0x21, 0x08, 0x21, 0x08, 0x21, 0x08, 0x20, 0x00, 0x00, 0x00, 0x62, 0x10, 0xa7, 0x39, 0x72, 0x94, 0x75, 0xad, 0x96, 0xb5, 0x51, 0x8c, 0x08, 0x42, 0x62, 0x10, 0x00, 0x00, 0x00, 0x00, 0x00, 0x00, 0x00, 0x00, 0x00, 0x00, 0x00, 0x00, 0x00, 0x00, 0x00, 0x00, 0x00, 0x00, 0x00, 0x00, 0x00, 0x00, 0x00, 0x00, 0x00, 0x00, 0x00, 0x00, 0x00, 0x00, 0x00, 0x00, 0x00, 0x00, 0x00, 0x00, 0x00, 0x00, 0x00, 0x00, 0x00, 0x00, 0x00, 0x00, 0x00, 0x00, 0x00, 0x00, 0x00, 0x00, 0x00, 0x00, 0x00, 0x00, 0x00, 0x00, 0x00, 0x00, 0x00, 0x00, 0x00, 0x00, 0x00, 0x00, 0x00, 0x00, 0x00, 0x08, 0x00, 0x08, 0x00, 0x08, 0x00, 0x08, 0x20, 0x08, 0x20, 0x08, 0x20, 0x08, 0x20, 0x08, 0x20, 0x08, 0x20, 0x08, 0x20, 0x08, 0x00, 0x08, 0x00, 0x08, 0x00, 0x08, 0x00, 0x00, 0x00, 0x00, 0x00, 0x00, 0x00, 0x00, 0x00, 0x00, 0x00, 0x00, 0x00, 0x00, 0x00, 0x00, 0x00, 0x00, 0x00, 0x00, 0x00, 0x00, 0x00, 0x00, 0x00, 0x00, 0x00, 0x00, 0x00, 0x00, 0x00, 0x00, 0x00, 0x00, 0x00, 0x00, 0x00, 0x00, 0x00, 0x00, 0x00, 0x00, 0x00, 0x00, 0x00, 0x00, 0x00, 0x00, 0x00, 0x00, 0x00, 0x00, 0x00, 0x00, 0x00, 0x00, 0x00, 0x00, 0x00, 0x00, 0x00, 0x00, 0x00, 0x00, 0x00, 0x00, 0x00, 0x00, 0x00, 0x00, 0x00, 0x00, 0x00, 0x00, 0x00, 0x00, 0x00, 0x00, 0x00, 0x00, 0x00, 0x00, 0x00, 0x00, 0x00, 0x00, 0x00, 0x00, 0x00, 0x00, 0x00, 0x00, 0x00, 0x00, 0x00, 0x00, 0x00, 0x00, 0x00, 0x00, 0x00, 0x00, 0x20, 0x08, 0x10, 0x84, 0x10, 0x84, 0x10, 0x84, 0x10, 0x84, 0x10, 0x84, 0x61, 0x08, 0x00, 0x00, 0x00, 0x00, 0x00, 0x00, 0x00, 0x00, 0x00, 0x00, 0x20, 0x00, 0x20, 0x00, 0x20, 0x00, 0x20, 0x00, 0x20, 0x00, 0x20, 0x00, 0x20, 0x00, 0x20, 0x08, 0x41, 0x08, 0x20, 0x08, 0x20, 0x08, 0x20, 0x08, 0x20, 0x00, 0x00, 0x00, 0x00, 0x00, 0x00, 0x00, 0x00, 0x00, 0x20, 0x00, 0x21, 0x08, 0x20, 0x00, 0x20, 0x00, 0x41, 0x08, 0x41, 0x08, 0x41, 0x08, 0x20, 0x00, 0x21, 0x08, 0x21, 0x08, 0x21, 0x08, 0x21, 0x08, 0x41, 0x08, 0x41, 0x08, 0x41, 0x08, 0x61, 0x08, 
  0x61, 0x10, 0x61, 0x08, 0x41, 0x08, 0x20, 0x08, 0x21, 0x08, 0x21, 0x08, 0x20, 0x00, 0xe3, 0x18, 0xcf, 0x7b, 0x59, 0xce, 0xbf, 0xff, 0xff, 0xff, 0xff, 0xff, 0xff, 0xff, 0xff, 0xff, 0xbf, 0xff, 0x9a, 0xd6, 0x6e, 0x73, 0x24, 0x21, 0x00, 0x00, 0x00, 0x00, 0x00, 0x00, 0x00, 0x00, 0x00, 0x00, 0x00, 0x00, 0x00, 0x00, 0x00, 0x00, 0x00, 0x00, 0x00, 0x00, 0x00, 0x00, 0x00, 0x00, 0x00, 0x00, 0x00, 0x00, 0x00, 0x00, 0x00, 0x00, 0x00, 0x00, 0x00, 0x00, 0x00, 0x00, 0x00, 0x00, 0x00, 0x00, 0x00, 0x00, 0x00, 0x00, 0x00, 0x00, 0x00, 0x00, 0x00, 0x00, 0x00, 0x00, 0x00, 0x00, 0x00, 0x00, 0x00, 0x08, 0x00, 0x08, 0x00, 0x08, 0x00, 0x08, 0x00, 0x08, 0x00, 0x08, 0x00, 0x08, 0x00, 0x08, 0x00, 0x08, 0x00, 0x08, 0x00, 0x08, 0x20, 0x08, 0x20, 0x08, 0x00, 0x08, 0x00, 0x08, 0x00, 0x08, 0x69, 0x52, 0x10, 0x84, 0x10, 0x84, 0x10, 0x84, 0x10, 0x84, 0x10, 0x84, 0x10, 0x84, 0x29, 0x4a, 0x00, 0x00, 0xcf, 0x7b, 0x10, 0x84, 0x10, 0x84, 0x10, 0x84, 0x10, 0x84, 0x10, 0x84, 0x10, 0x84, 0xe3, 0x18, 0x00, 0x00, 0x00, 0x00, 0x00, 0x00, 0x00, 0x00, 0x00, 0x00, 0x00, 0x00, 0x00, 0x00, 0x00, 0x00, 0x00, 0x00, 0x00, 0x00, 0x00, 0x00, 0x00, 0x00, 0x00, 0x00, 0x00, 0x00, 0x00, 0x00, 0x00, 0x00, 0x00, 0x00, 0x00, 0x00, 0x00, 0x00, 0x00, 0x00, 0x00, 0x00, 0x00, 0x00, 0x00, 0x00, 0x00, 0x00, 0x00, 0x00, 0x00, 0x00, 0x00, 0x00, 0x00, 0x00, 0x00, 0x00, 0x00, 0x00, 0x00, 0x00, 0x00, 0x00, 0x00, 0x00, 0x00, 0x00, 0x41, 0x08, 0xff, 0xff, 0xff, 0xff, 0xff, 0xff, 0xff, 0xff, 0xff, 0xff, 0xc3, 0x18, 0x00, 0x00, 0x00, 0x00, 0x00, 0x00, 0x00, 0x00, 0x20, 0x00, 0x20, 0x08, 0x20, 0x08, 0x20, 0x00, 0x20, 0x00, 0x20, 0x00, 0x20, 0x00, 0x20, 0x00, 0x20, 0x08, 0x20, 0x08, 0x41, 0x08, 0x20, 0x08, 0x20, 0x08, 0x20, 0x08, 0x20, 0x00, 0x00, 0x00, 0x00, 0x00, 0x00, 0x00, 0x20, 0x00, 0x21, 0x08, 0x20, 0x00, 0x20, 0x00, 0x21, 0x08, 0x41, 0x08, 0x41, 0x08, 0x21, 0x08, 0x41, 0x08, 0x41, 0x08, 0x21, 0x08, 0x21, 0x08, 0x41, 0x08, 0x41, 0x08, 0x41, 0x08, 0x41, 0x08, 
  0x61, 0x10, 0x61, 0x08, 0x41, 0x08, 0x41, 0x08, 0x41, 0x08, 0x41, 0x08, 0x04, 0x21, 0xd3, 0x9c, 0xdf, 0xff, 0xff, 0xff, 0xff, 0xff, 0xff, 0xff, 0xff, 0xff, 0xff, 0xff, 0xff, 0xff, 0xff, 0xff, 0xff, 0xff, 0xbf, 0xff, 0x96, 0xb5, 0x82, 0x10, 0x00, 0x00, 0x00, 0x00, 0x00, 0x00, 0x00, 0x00, 0x00, 0x00, 0x00, 0x00, 0x00, 0x00, 0x00, 0x00, 0x00, 0x00, 0x00, 0x00, 0x00, 0x00, 0x00, 0x00, 0x00, 0x00, 0x00, 0x00, 0x00, 0x00, 0x00, 0x00, 0x00, 0x00, 0x00, 0x00, 0x00, 0x00, 0x00, 0x00, 0x00, 0x00, 0x00, 0x00, 0x00, 0x00, 0x00, 0x00, 0x00, 0x00, 0x00, 0x00, 0x00, 0x00, 0x00, 0x00, 0x00, 0x08, 0x00, 0x08, 0x00, 0x08, 0x00, 0x08, 0x00, 0x08, 0x00, 0x08, 0x00, 0x08, 0x00, 0x08, 0x00, 0x08, 0x00, 0x08, 0x20, 0x08, 0x00, 0x08, 0x00, 0x08, 0x20, 0x08, 0x20, 0x08, 0x00, 0x08, 0xd3, 0x9c, 0xff, 0xff, 0xff, 0xff, 0xff, 0xff, 0xff, 0xff, 0xff, 0xff, 0xff, 0xff, 0x71, 0x8c, 0x00, 0x00, 0x9e, 0xf7, 0xff, 0xff, 0xff, 0xff, 0xff, 0xff, 0xff, 0xff, 0xff, 0xff, 0xff, 0xff, 0xa7, 0x39, 0x00, 0x00, 0x00, 0x00, 0x00, 0x00, 0x00, 0x00, 0x00, 0x00, 0x00, 0x00, 0x00, 0x00, 0x00, 0x00, 0x00, 0x00, 0x00, 0x00, 0x00, 0x00, 0x00, 0x00, 0x00, 0x00, 0x00, 0x00, 0x00, 0x00, 0x00, 0x00, 0x00, 0x00, 0xe3, 0x20, 0x00, 0x00, 0x00, 0x00, 0x00, 0x00, 0x00, 0x00, 0x00, 0x00, 0x00, 0x00, 0x00, 0x00, 0x00, 0x00, 0x00, 0x00, 0x00, 0x08, 0x00, 0x08, 0x00, 0x08, 0x00, 0x08, 0x00, 0x08, 0x00, 0x08, 0x00, 0x08, 0x41, 0x08, 0xff, 0xff, 0xff, 0xff, 0xff, 0xff, 0xff, 0xff, 0xff, 0xff, 0xc3, 0x18, 0x00, 0x00, 0x00, 0x00, 0x00, 0x00, 0x00, 0x00, 0x20, 0x00, 0x20, 0x08, 0x20, 0x08, 0x20, 0x00, 0x20, 0x00, 0x20, 0x00, 0x20, 0x00, 0x20, 0x08, 0x20, 0x08, 0x20, 0x08, 0x20, 0x08, 0x41, 0x08, 0x20, 0x08, 0x20, 0x08, 0x41, 0x08, 0xe3, 0x18, 0x20, 0x00, 0x20, 0x00, 0x20, 0x00, 0x21, 0x08, 0x20, 0x00, 0x21, 0x08, 0x21, 0x08, 0x41, 0x08, 0x41, 0x08, 0x21, 0x08, 0x41, 0x08, 0x41, 0x08, 0x41, 0x08, 0x21, 0x08, 0x21, 0x08, 0x41, 0x08, 0x41, 0x08, 0x41, 0x08, 
  0x61, 0x10, 0x41, 0x08, 0x41, 0x08, 0x41, 0x08, 0x41, 0x08, 0x04, 0x21, 0x7a, 0xd6, 0xff, 0xff, 0xff, 0xff, 0xff, 0xff, 0xff, 0xff, 0xff, 0xff, 0xff, 0xff, 0xff, 0xff, 0xff, 0xff, 0xff, 0xff, 0xff, 0xff, 0xff, 0xff, 0xff, 0xff, 0xf8, 0xc5, 0x86, 0x31, 0x00, 0x00, 0x00, 0x00, 0x00, 0x00, 0x00, 0x00, 0x00, 0x00, 0x20, 0x00, 0x20, 0x00, 0x20, 0x00, 0x20, 0x00, 0x00, 0x00, 0x00, 0x00, 0x00, 0x00, 0x00, 0x00, 0x00, 0x00, 0x00, 0x00, 0x00, 0x00, 0x00, 0x00, 0x00, 0x00, 0x00, 0x00, 0x00, 0x00, 0x00, 0x00, 0x00, 0x00, 0x00, 0x00, 0x00, 0x00, 0x00, 0x00, 0x20, 0x00, 0x00, 0x08, 0x00, 0x08, 0x00, 0x08, 0x00, 0x08, 0x00, 0x08, 0x00, 0x08, 0x00, 0x08, 0x00, 0x08, 0x00, 0x08, 0x00, 0x08, 0x00, 0x08, 0x00, 0x08, 0x00, 0x08, 0x00, 0x08, 0x00, 0x08, 0x00, 0x08, 0x20, 0x08, 0xd3, 0x9c, 0xff, 0xff, 0xff, 0xff, 0xff, 0xff, 0xff, 0xff, 0xff, 0xff, 0xff, 0xff, 0x71, 0x8c, 0x00, 0x00, 0x9e, 0xf7, 0xff, 0xff, 0xff, 0xff, 0xff, 0xff, 0xff, 0xff, 0xff, 0xff, 0xff, 0xff, 0xa7, 0x39, 0x00, 0x00, 0x00, 0x00, 0x00, 0x00, 0x00, 0x00, 0x00, 0x00, 0x00, 0x00, 0x00, 0x00, 0x00, 0x00, 0x00, 0x00, 0x00, 0x00, 0x00, 0x00, 0x00, 0x00, 0x00, 0x00, 0x00, 0x00, 0x86, 0x31, 0x10, 0x84, 0x7a, 0xd6, 0xbf, 0xff, 0x00, 0x00, 0x00, 0x00, 0x00, 0x00, 0x00, 0x00, 0x00, 0x00, 0x00, 0x00, 0x00, 0x00, 0x00, 0x00, 0x00, 0x08, 0x00, 0x08, 0x00, 0x08, 0x00, 0x08, 0x00, 0x08, 0x00, 0x08, 0x00, 0x08, 0x00, 0x08, 0x20, 0x08, 0xaa, 0x5a, 0xff, 0xff, 0xff, 0xff, 0xff, 0xff, 0xff, 0xff, 0xa3, 0x18, 0x00, 0x00, 0x00, 0x00, 0x00, 0x00, 0x00, 0x00, 0x20, 0x08, 0x20, 0x08, 0x20, 0x08, 0x20, 0x00, 0x20, 0x00, 0x20, 0x00, 0x20, 0x00, 0x20, 0x08, 0x20, 0x08, 0x21, 0x08, 0x41, 0x08, 0x82, 0x10, 0xcb, 0x5a, 0x35, 0xad, 0x9e, 0xf7, 0xef, 0x83, 0x20, 0x08, 0x20, 0x00, 0x20, 0x00, 0x20, 0x00, 0x21, 0x08, 0x21, 0x08, 0x21, 0x08, 0x41, 0x08, 0x61, 0x08, 0x41, 0x08, 0x41, 0x08, 0x21, 0x08, 0x41, 0x08, 0x21, 0x08, 0x21, 0x08, 0x41, 0x08, 0x41, 0x08, 0x61, 0x08, 
  0x61, 0x10, 0x41, 0x08, 0x41, 0x08, 0x41, 0x08, 0x82, 0x10, 0x10, 0x84, 0xff, 0xff, 0xff, 0xff, 0xff, 0xff, 0xff, 0xff, 0xff, 0xff, 0xff, 0xff, 0xff, 0xff, 0xff, 0xff, 0xff, 0xff, 0xff, 0xff, 0xff, 0xff, 0xff, 0xff, 0xff, 0xff, 0xdf, 0xff, 0x92, 0x94, 0x20, 0x00, 0x00, 0x00, 0x00, 0x00, 0x00, 0x00, 0x00, 0x00, 0x20, 0x00, 0x20, 0x00, 0x20, 0x00, 0x20, 0x00, 0x20, 0x00, 0x00, 0x00, 0x00, 0x00, 0x00, 0x00, 0x00, 0x00, 0x00, 0x00, 0x20, 0x00, 0x00, 0x08, 0x00, 0x00, 0x00, 0x00, 0x00, 0x00, 0x00, 0x00, 0x00, 0x00, 0x00, 0x00, 0x00, 0x00, 0x20, 0x00, 0x20, 0x08, 0x00, 0x08, 0x20, 0x08, 0x20, 0x10, 0x20, 0x10, 0x00, 0x08, 0x00, 0x08, 0x20, 0x10, 0x20, 0x10, 0x20, 0x10, 0x20, 0x10, 0x00, 0x10, 0x00, 0x10, 0x00, 0x08, 0x00, 0x08, 0x20, 0x08, 0x20, 0x08, 0x20, 0x08, 0x69, 0x52, 0x96, 0xb5, 0xff, 0xff, 0xff, 0xff, 0xff, 0xff, 0xff, 0xff, 0xd3, 0x9c, 0x29, 0x4a, 0x00, 0x00, 0xcf, 0x7b, 0xba, 0xd6, 0xff, 0xff, 0xff, 0xff, 0xff, 0xff, 0xdf, 0xff, 0x10, 0x84, 0xe3, 0x18, 0x00, 0x00, 0x00, 0x00, 0x00, 0x00, 0x00, 0x00, 0x00, 0x00, 0x00, 0x00, 0x00, 0x00, 0x00, 0x00, 0x00, 0x00, 0x00, 0x00, 0x00, 0x00, 0x00, 0x00, 0x00, 0x00, 0xc3, 0x18, 0xff, 0xff, 0xff, 0xff, 0xff, 0xff, 0xbf, 0xff, 0x00, 0x00, 0x00, 0x00, 0x00, 0x00, 0x00, 0x00, 0x00, 0x00, 0x20, 0x00, 0x00, 0x00, 0x00, 0x08, 0x00, 0x08, 0x00, 0x08, 0x00, 0x08, 0x00, 0x08, 0x00, 0x08, 0x00, 0x08, 0x00, 0x08, 0x00, 0x08, 0x00, 0x08, 0xe3, 0x20, 0xff, 0xff, 0xff, 0xff, 0xff, 0xff, 0xff, 0xff, 0xc3, 0x18, 0x00, 0x00, 0x00, 0x00, 0x00, 0x00, 0x00, 0x00, 0x20, 0x00, 0x20, 0x00, 0x00, 0x00, 0x00, 0x00, 0x00, 0x00, 0x20, 0x00, 0x20, 0x08, 0x20, 0x08, 0x20, 0x08, 0x41, 0x08, 0x41, 0x10, 0xb3, 0x9c, 0xff, 0xff, 0xff, 0xff, 0xff, 0xff, 0xef, 0x83, 0x20, 0x08, 0x20, 0x00, 0x20, 0x00, 0x21, 0x08, 0x21, 0x08, 0x41, 0x08, 0x41, 0x08, 0x61, 0x08, 0x62, 0x10, 0x41, 0x08, 0x41, 0x08, 0x21, 0x08, 0x41, 0x08, 0x41, 0x08, 0x21, 0x08, 0x41, 0x08, 0x61, 0x08, 0x61, 0x08, 
  0x61, 0x10, 0x61, 0x08, 0x41, 0x08, 0x41, 0x08, 0x6a, 0x52, 0x3d, 0xef, 0xff, 0xff, 0xff, 0xff, 0xff, 0xff, 0xff, 0xff, 0xff, 0xff, 0xff, 0xff, 0xff, 0xff, 0xff, 0xff, 0xff, 0xff, 0xff, 0xff, 0xff, 0xff, 0xff, 0xff, 0xff, 0xff, 0xff, 0xff, 0xbe, 0xf7, 0xa6, 0x31, 0x00, 0x00, 0x20, 0x00, 0x00, 0x00, 0x20, 0x00, 0x20, 0x08, 0x20, 0x08, 0x20, 0x08, 0x20, 0x00, 0x41, 0x08, 0xe7, 0x41, 0x08, 0x42, 0xa6, 0x39, 0x00, 0x00, 0x00, 0x00, 0x20, 0x08, 0x20, 0x08, 0x00, 0x08, 0x00, 0x00, 0x00, 0x00, 0x00, 0x00, 0xa6, 0x39, 0x08, 0x42, 0x45, 0x29, 0x21, 0x08, 0x20, 0x08, 0x20, 0x10, 0x20, 0x10, 0x20, 0x10, 0x20, 0x10, 0x20, 0x10, 0x20, 0x10, 0x20, 0x10, 0x20, 0x10, 0x20, 0x10, 0x41, 0x10, 0x08, 0x4a, 0xcf, 0x83, 0xef, 0x83, 0xc3, 0x20, 0x00, 0x08, 0x00, 0x08, 0x00, 0x08, 0x00, 0x08, 0x2c, 0x6b, 0xff, 0xff, 0xff, 0xff, 0xff, 0xff, 0xff, 0xff, 0x66, 0x31, 0x00, 0x00, 0x00, 0x00, 0x00, 0x00, 0x35, 0xad, 0xff, 0xff, 0xff, 0xff, 0xff, 0xff, 0x9e, 0xf7, 0x00, 0x00, 0x00, 0x00, 0x00, 0x00, 0x00, 0x00, 0x00, 0x00, 0x00, 0x00, 0xc3, 0x18, 0x08, 0x42, 0x08, 0x42, 0x25, 0x29, 0x00, 0x00, 0x00, 0x00, 0x00, 0x00, 0x00, 0x00, 0x00, 0x00, 0xc3, 0x18, 0xff, 0xff, 0xff, 0xff, 0xff, 0xff, 0xbf, 0xff, 0x00, 0x00, 0x00, 0x00, 0x00, 0x00, 0x00, 0x08, 0x00, 0x08, 0x00, 0x08, 0x00, 0x08, 0x00, 0x08, 0x00, 0x08, 0x82, 0x18, 0x08, 0x4a, 0x08, 0x4a, 0x04, 0x29, 0x20, 0x08, 0x20, 0x08, 0x20, 0x08, 0x20, 0x08, 0xe3, 0x20, 0xff, 0xff, 0xff, 0xff, 0xff, 0xff, 0xff, 0xff, 0xc3, 0x18, 0x00, 0x00, 0x00, 0x00, 0x00, 0x00, 0xe7, 0x39, 0xae, 0x7b, 0x14, 0xa5, 0x18, 0xc6, 0xb7, 0xbd, 0xaf, 0x7b, 0x45, 0x29, 0x20, 0x00, 0x20, 0x08, 0x20, 0x08, 0x41, 0x10, 0x61, 0x10, 0xd3, 0x9c, 0xff, 0xff, 0xff, 0xff, 0xff, 0xff, 0xef, 0x83, 0x20, 0x08, 0x20, 0x08, 0x20, 0x08, 0x21, 0x08, 0x41, 0x08, 0x61, 0x10, 0x66, 0x31, 0x49, 0x4a, 0xc7, 0x39, 0xa2, 0x10, 0x41, 0x08, 0x41, 0x08, 0x41, 0x08, 0x41, 0x08, 0x41, 0x08, 0x62, 0x10, 0x62, 0x10, 0x61, 0x08, 
  0x82, 0x10, 0x61, 0x10, 0x41, 0x08, 0x41, 0x08, 0x92, 0x94, 0xff, 0xff, 0xff, 0xff, 0xff, 0xff, 0xff, 0xff, 0xff, 0xff, 0xff, 0xff, 0xff, 0xff, 0xff, 0xff, 0xff, 0xff, 0xff, 0xff, 0xff, 0xff, 0xff, 0xff, 0xff, 0xff, 0xff, 0xff, 0xff, 0xff, 0xff, 0xff, 0x71, 0x8c, 0x21, 0x08, 0x20, 0x08, 0x59, 0xce, 0xff, 0xff, 0xff, 0xff, 0xff, 0xff, 0xff, 0xff, 0xf4, 0xa4, 0xdb, 0xde, 0xff, 0xff, 0xff, 0xff, 0xff, 0xff, 0x38, 0xce, 0xa6, 0x31, 0x20, 0x08, 0x20, 0x08, 0x20, 0x08, 0x20, 0x08, 0xef, 0x7b, 0x9a, 0xd6, 0xff, 0xff, 0xff, 0xff, 0xff, 0xff, 0xbf, 0xff, 0x71, 0x94, 0x82, 0x18, 0x20, 0x10, 0x40, 0x18, 0xba, 0xde, 0xff, 0xff, 0xff, 0xff, 0xff, 0xff, 0xff, 0xff, 0xc7, 0x41, 0xdb, 0xe6, 0xff, 0xff, 0xff, 0xff, 0xff, 0xff, 0x9e, 0xf7, 0x49, 0x52, 0x00, 0x10, 0x20, 0x08, 0x20, 0x08, 0x2c, 0x6b, 0xff, 0xff, 0xff, 0xff, 0xff, 0xff, 0xff, 0xff, 0x66, 0x31, 0x00, 0x00, 0x00, 0x00, 0x00, 0x00, 0x35, 0xad, 0xff, 0xff, 0xff, 0xff, 0xff, 0xff, 0x9e, 0xf7, 0x00, 0x00, 0x00, 0x00, 0x00, 0x00, 0x00, 0x00, 0x29, 0x4a, 0x96, 0xb5, 0xff, 0xff, 0xff, 0xff, 0xff, 0xff, 0xff, 0xff, 0xb7, 0xbd, 0xc7, 0x39, 0x00, 0x00, 0x00, 0x00, 0x49, 0x4a, 0xff, 0xff, 0xff, 0xff, 0xff, 0xff, 0xff, 0xff, 0xff, 0xff, 0xff, 0xff, 0xff, 0xff, 0x04, 0x21, 0xff, 0xff, 0xff, 0xff, 0xff, 0xff, 0xff, 0xff, 0xff, 0xff, 0x10, 0x84, 0xbf, 0xff, 0xff, 0xff, 0xff, 0xff, 0xff, 0xff, 0xf4, 0xa4, 0xa2, 0x20, 0x20, 0x10, 0x20, 0x08, 0xe3, 0x20, 0xff, 0xff, 0xff, 0xff, 0xff, 0xff, 0xff, 0xff, 0xc3, 0x18, 0x00, 0x00, 0xe4, 0x20, 0x9a, 0xd6, 0xff, 0xff, 0xff, 0xff, 0xff, 0xff, 0xff, 0xff, 0xff, 0xff, 0xff, 0xff, 0xff, 0xff, 0xf3, 0xa4, 0x61, 0x10, 0x20, 0x08, 0x20, 0x08, 0x39, 0xce, 0xff, 0xff, 0xff, 0xff, 0xff, 0xff, 0xff, 0xff, 0xff, 0xff, 0xff, 0xff, 0xb2, 0x9c, 0x20, 0x08, 0x41, 0x08, 0x4d, 0x6b, 0x39, 0xce, 0xff, 0xff, 0xff, 0xff, 0xff, 0xff, 0xff, 0xff, 0x35, 0xad, 0x45, 0x29, 0x41, 0x08, 0x41, 0x08, 0x61, 0x08, 0x82, 0x10, 0x82, 0x10, 0x62, 0x10, 
  0x82, 0x10, 0x82, 0x10, 0x61, 0x10, 0x41, 0x08, 0xfc, 0xe6, 0xff, 0xff, 0xff, 0xff, 0xff, 0xff, 0xff, 0xff, 0xff, 0xff, 0xbe, 0xf7, 0x51, 0x8c, 0x08, 0x42, 0x45, 0x29, 0xaf, 0x7b, 0xff, 0xff, 0xff, 0xff, 0xff, 0xff, 0xff, 0xff, 0xff, 0xff, 0xff, 0xff, 0x59, 0xce, 0xe4, 0x20, 0x20, 0x08, 0x59, 0xce, 0xff, 0xff, 0xff, 0xff, 0xff, 0xff, 0xff, 0xff, 0xff, 0xff, 0xff, 0xff, 0xff, 0xff, 0xff, 0xff, 0xff, 0xff, 0xff, 0xff, 0xbf, 0xff, 0x86, 0x31, 0x20, 0x08, 0x41, 0x08, 0xb6, 0xbd, 0xff, 0xff, 0xff, 0xff, 0xff, 0xff, 0xff, 0xff, 0xff, 0xff, 0xff, 0xff, 0xff, 0xff, 0xdb, 0xde, 0xe3, 0x28, 0x20, 0x18, 0xba, 0xde, 0xff, 0xff, 0xff, 0xff, 0xff, 0xff, 0xff, 0xff, 0xdf, 0xff, 0xff, 0xff, 0xff, 0xff, 0xff, 0xff, 0xff, 0xff, 0xff, 0xff, 0x9e, 0xf7, 0x61, 0x18, 0x20, 0x10, 0x20, 0x08, 0x0c, 0x6b, 0xff, 0xff, 0xff, 0xff, 0xff, 0xff, 0xff, 0xff, 0x2c, 0x63, 0x08, 0x42, 0x08, 0x42, 0x08, 0x42, 0xf7, 0xbd, 0xff, 0xff, 0xff, 0xff, 0xff, 0xff, 0x7e, 0xf7, 0x00, 0x00, 0x00, 0x00, 0x00, 0x00, 0x4d, 0x6b, 0xff, 0xff, 0xff, 0xff, 0xff, 0xff, 0xff, 0xff, 0xff, 0xff, 0xff, 0xff, 0xff, 0xff, 0xff, 0xff, 0x92, 0x94, 0x00, 0x00, 0x49, 0x4a, 0xff, 0xff, 0xff, 0xff, 0xff, 0xff, 0xff, 0xff, 0xff, 0xff, 0xff, 0xff, 0xff, 0xff, 0x04, 0x21, 0xff, 0xff, 0xff, 0xff, 0xff, 0xff, 0xff, 0xff, 0xff, 0xff, 0xff, 0xff, 0xff, 0xff, 0xff, 0xff, 0xff, 0xff, 0xff, 0xff, 0xff, 0xff, 0x7a, 0xd6, 0x61, 0x18, 0x20, 0x10, 0xe3, 0x20, 0xff, 0xff, 0xff, 0xff, 0xff, 0xff, 0xff, 0xff, 0xc3, 0x18, 0x00, 0x00, 0x8a, 0x52, 0xff, 0xff, 0xff, 0xff, 0xff, 0xff, 0xff, 0xff, 0xff, 0xff, 0xff, 0xff, 0xff, 0xff, 0xff, 0xff, 0xff, 0xff, 0x14, 0xa5, 0x20, 0x00, 0x20, 0x08, 0x38, 0xce, 0xff, 0xff, 0xff, 0xff, 0xff, 0xff, 0xff, 0xff, 0xff, 0xff, 0xff, 0xff, 0xd3, 0x9c, 0x41, 0x08, 0x71, 0x94, 0xff, 0xff, 0xff, 0xff, 0xff, 0xff, 0xff, 0xff, 0xff, 0xff, 0xff, 0xff, 0xff, 0xff, 0x7e, 0xf7, 0xe8, 0x41, 0x61, 0x08, 0x82, 0x10, 0xa3, 0x18, 0xa3, 0x18, 0x82, 0x10, 
  0xa2, 0x18, 0xa2, 0x18, 0x82, 0x10, 0x61, 0x10, 0xdf, 0xff, 0xff, 0xff, 0xff, 0xff, 0xff, 0xff, 0xff, 0xff, 0xff, 0xff, 0x59, 0xce, 0x04, 0x21, 0x20, 0x00, 0x20, 0x00, 0x41, 0x08, 0x9a, 0xd6, 0xff, 0xff, 0xff, 0xff, 0xff, 0xff, 0xff, 0xff, 0xff, 0xff, 0xdb, 0xde, 0xc7, 0x39, 0x20, 0x08, 0x59, 0xce, 0xff, 0xff, 0xff, 0xff, 0xff, 0xff, 0xff, 0xff, 0xff, 0xff, 0xff, 0xff, 0xff, 0xff, 0xff, 0xff, 0xff, 0xff, 0xff, 0xff, 0xff, 0xff, 0xba, 0xd6, 0x20, 0x08, 0xf0, 0x83, 0xff, 0xff, 0xff, 0xff, 0xff, 0xff, 0xff, 0xff, 0xfc, 0xe6, 0x9e, 0xf7, 0xff, 0xff, 0xff, 0xff, 0xff, 0xff, 0x96, 0xb5, 0x20, 0x18, 0x14, 0xad, 0xdf, 0xff, 0xff, 0xff, 0xff, 0xff, 0xff, 0xff, 0xff, 0xff, 0xff, 0xff, 0xff, 0xff, 0xff, 0xff, 0xff, 0xff, 0xff, 0xff, 0xff, 0xff, 0x69, 0x52, 0x20, 0x10, 0x20, 0x10, 0x2c, 0x6b, 0xff, 0xff, 0xff, 0xff, 0xff, 0xff, 0xff, 0xff, 0xff, 0xff, 0xff, 0xff, 0xff, 0xff, 0xff, 0xff, 0xff, 0xff, 0xff, 0xff, 0xff, 0xff, 0xff, 0xff, 0x9e, 0xf7, 0x00, 0x00, 0x00, 0x00, 0xc7, 0x39, 0xff, 0xff, 0xff, 0xff, 0xff, 0xff, 0xff, 0xff, 0x38, 0xc6, 0xb6, 0xb5, 0xff, 0xff, 0xff, 0xff, 0xff, 0xff, 0xff, 0xff, 0xcb, 0x5a, 0xc7, 0x39, 0x59, 0xce, 0xff, 0xff, 0xff, 0xff, 0xff, 0xff, 0xff, 0xff, 0x18, 0xc6, 0x18, 0xc6, 0xe3, 0x20, 0xff, 0xff, 0xff, 0xff, 0xff, 0xff, 0xff, 0xff, 0xff, 0xff, 0xff, 0xff, 0xff, 0xff, 0xff, 0xff, 0xff, 0xff, 0xff, 0xff, 0xff, 0xff, 0xff, 0xff, 0x30, 0x8c, 0x20, 0x10, 0xe3, 0x28, 0xff, 0xff, 0xff, 0xff, 0xff, 0xff, 0xff, 0xff, 0xc3, 0x18, 0x00, 0x08, 0x41, 0x08, 0x7e, 0xf7, 0x7e, 0xf7, 0xb3, 0x9c, 0x10, 0x84, 0x51, 0x8c, 0x3d, 0xef, 0xff, 0xff, 0xff, 0xff, 0xff, 0xff, 0xff, 0xff, 0x82, 0x10, 0x00, 0x00, 0x92, 0x94, 0x3d, 0xef, 0xff, 0xff, 0xff, 0xff, 0xff, 0xff, 0x1c, 0xe7, 0x38, 0xc6, 0x8e, 0x73, 0x8a, 0x52, 0xff, 0xff, 0xff, 0xff, 0xff, 0xff, 0xff, 0xff, 0x7e, 0xf7, 0x3c, 0xe7, 0xff, 0xff, 0xff, 0xff, 0xff, 0xff, 0x1c, 0xe7, 0xc3, 0x18, 0xc3, 0x18, 0xe3, 0x18, 0xe3, 0x18, 0xa2, 0x10, 
  0xa2, 0x18, 0xa2, 0x18, 0x81, 0x10, 0x61, 0x10, 0xff, 0xff, 0xff, 0xff, 0xff, 0xff, 0xff, 0xff, 0xff, 0xff, 0xff, 0xff, 0xb6, 0xb5, 0x61, 0x10, 0x20, 0x08, 0x20, 0x08, 0x20, 0x00, 0xb7, 0xbd, 0xff, 0xff, 0xff, 0xff, 0xff, 0xff, 0xff, 0xff, 0xff, 0xff, 0xfb, 0xde, 0x08, 0x42, 0x41, 0x08, 0x41, 0x08, 0xfc, 0xe6, 0xff, 0xff, 0xff, 0xff, 0xff, 0xff, 0xff, 0xff, 0x0c, 0x63, 0x65, 0x31, 0x1c, 0xe7, 0xff, 0xff, 0xff, 0xff, 0xff, 0xff, 0xff, 0xff, 0x86, 0x31, 0x3d, 0xef, 0xff, 0xff, 0xff, 0xff, 0xff, 0xff, 0xb3, 0x9c, 0x00, 0x08, 0x41, 0x10, 0x38, 0xce, 0xff, 0xff, 0xff, 0xff, 0xff, 0xff, 0xe3, 0x30, 0x60, 0x28, 0x3d, 0xef, 0xff, 0xff, 0xff, 0xff, 0xff, 0xff, 0xba, 0xde, 0x44, 0x41, 0x8d, 0x7b, 0xff, 0xff, 0xff, 0xff, 0xff, 0xff, 0xff, 0xff, 0x4d, 0x73, 0x20, 0x10, 0x20, 0x10, 0x2c, 0x6b, 0xff, 0xff, 0xff, 0xff, 0xff, 0xff, 0xff, 0xff, 0xff, 0xff, 0xff, 0xff, 0xff, 0xff, 0xff, 0xff, 0xff, 0xff, 0xff, 0xff, 0xff, 0xff, 0xff, 0xff, 0x9e, 0xf7, 0x00, 0x00, 0x00, 0x00, 0x96, 0xb5, 0xff, 0xff, 0xff, 0xff, 0xff, 0xff, 0xfb, 0xde, 0x21, 0x08, 0x00, 0x00, 0xf8, 0xc5, 0xff, 0xff, 0xff, 0xff, 0xff, 0xff, 0x18, 0xc6, 0x00, 0x00, 0xe3, 0x20, 0xff, 0xff, 0xff, 0xff, 0xff, 0xff, 0xbf, 0xff, 0x20, 0x08, 0x00, 0x08, 0x00, 0x08, 0x45, 0x31, 0xff, 0xff, 0xff, 0xff, 0xff, 0xff, 0xff, 0xff, 0x3c, 0xe7, 0x65, 0x39, 0xab, 0x62, 0xff, 0xff, 0xff, 0xff, 0xff, 0xff, 0xff, 0xff, 0x3c, 0xef, 0x20, 0x10, 0xe3, 0x28, 0xff, 0xff, 0xff, 0xff, 0xff, 0xff, 0xff, 0xff, 0xc3, 0x18, 0x20, 0x08, 0x00, 0x08, 0x49, 0x4a, 0xa2, 0x18, 0xc3, 0x18, 0xe7, 0x41, 0xa7, 0x39, 0x29, 0x4a, 0xff, 0xff, 0xff, 0xff, 0xff, 0xff, 0xff, 0xff, 0x86, 0x31, 0x00, 0x00, 0x00, 0x00, 0xb2, 0x9c, 0xff, 0xff, 0xff, 0xff, 0xff, 0xff, 0x10, 0x84, 0x61, 0x10, 0x61, 0x10, 0xd7, 0xbd, 0xff, 0xff, 0xff, 0xff, 0xff, 0xff, 0x39, 0xce, 0xc3, 0x18, 0x82, 0x10, 0xf4, 0xa4, 0xff, 0xff, 0xff, 0xff, 0xff, 0xff, 0xeb, 0x5a, 0xc3, 0x18, 0xc3, 0x18, 0xa2, 0x10, 0x82, 0x10, 
  0xa2, 0x18, 0xa2, 0x18, 0x81, 0x10, 0x61, 0x10, 0xbf, 0xff, 0xff, 0xff, 0xff, 0xff, 0xff, 0xff, 0xff, 0xff, 0xff, 0xff, 0x79, 0xce, 0x24, 0x29, 0x41, 0x08, 0x20, 0x08, 0x82, 0x10, 0xba, 0xd6, 0xff, 0xff, 0xff, 0xff, 0xff, 0xff, 0xff, 0xff, 0xff, 0xff, 0xdb, 0xde, 0xc7, 0x41, 0x61, 0x10, 0x61, 0x10, 0x1c, 0xe7, 0xff, 0xff, 0xff, 0xff, 0xff, 0xff, 0x39, 0xce, 0x41, 0x10, 0x40, 0x08, 0xef, 0x83, 0xff, 0xff, 0xff, 0xff, 0xff, 0xff, 0xff, 0xff, 0x8e, 0x73, 0xff, 0xff, 0xff, 0xff, 0xff, 0xff, 0xff, 0xff, 0xf3, 0x9c, 0x10, 0x84, 0x10, 0x84, 0x59, 0xce, 0xff, 0xff, 0xff, 0xff, 0xff, 0xff, 0x08, 0x52, 0x60, 0x28, 0x5d, 0xef, 0xff, 0xff, 0xff, 0xff, 0xff, 0xff, 0x8f, 0xac, 0x62, 0x49, 0xe2, 0x38, 0xff, 0xff, 0xff, 0xff, 0xff, 0xff, 0xff, 0xff, 0xf0, 0x8b, 0x20, 0x10, 0x20, 0x10, 0x0c, 0x6b, 0xff, 0xff, 0xff, 0xff, 0xff, 0xff, 0xff, 0xff, 0x79, 0xd6, 0x18, 0xc6, 0x18, 0xc6, 0x18, 0xc6, 0x5d, 0xef, 0xff, 0xff, 0xff, 0xff, 0xff, 0xff, 0x7e, 0xf7, 0x20, 0x00, 0x20, 0x00, 0x7e, 0xf7, 0xff, 0xff, 0xff, 0xff, 0xff, 0xff, 0xd3, 0x9c, 0x00, 0x00, 0x00, 0x00, 0xcf, 0x7b, 0xff, 0xff, 0xff, 0xff, 0xff, 0xff, 0xdf, 0xff, 0x20, 0x08, 0xe3, 0x20, 0xff, 0xff, 0xff, 0xff, 0xff, 0xff, 0xbf, 0xff, 0x20, 0x08, 0x20, 0x08, 0x00, 0x08, 0x45, 0x31, 0xff, 0xff, 0xff, 0xff, 0xff, 0xff, 0xff, 0xff, 0xcf, 0x83, 0x20, 0x10, 0x20, 0x10, 0x39, 0xce, 0xff, 0xff, 0xff, 0xff, 0xff, 0xff, 0xff, 0xff, 0xc3, 0x20, 0xe3, 0x28, 0xff, 0xff, 0xff, 0xff, 0xff, 0xff, 0xff, 0xff, 0xc3, 0x20, 0x00, 0x08, 0x00, 0x08, 0x49, 0x4a, 0xba, 0xd6, 0xff, 0xff, 0xff, 0xff, 0xff, 0xff, 0xfc, 0xe6, 0xff, 0xff, 0xff, 0xff, 0xff, 0xff, 0xff, 0xff, 0x08, 0x42, 0x00, 0x00, 0x00, 0x00, 0xb2, 0x94, 0xff, 0xff, 0xff, 0xff, 0xff, 0xff, 0xf0, 0x83, 0x41, 0x10, 0x61, 0x10, 0x7d, 0xef, 0xff, 0xff, 0xff, 0xff, 0xff, 0xff, 0xd7, 0xbd, 0x71, 0x8c, 0x71, 0x94, 0xb7, 0xbd, 0xff, 0xff, 0xff, 0xff, 0xff, 0xff, 0xef, 0x7b, 0xc3, 0x18, 0xa2, 0x10, 0x62, 0x10, 0x41, 0x08, 
  0x82, 0x18, 0x82, 0x18, 0x61, 0x18, 0x61, 0x10, 0xba, 0xde, 0xff, 0xff, 0xff, 0xff, 0xff, 0xff, 0xff, 0xff, 0xff, 0xff, 0xdf, 0xff, 0x55, 0xad, 0x28, 0x4a, 0xc3, 0x20, 0x71, 0x94, 0xff, 0xff, 0xff, 0xff, 0xff, 0xff, 0xff, 0xff, 0xff, 0xff, 0xff, 0xff, 0x38, 0xce, 0x04, 0x29, 0x61, 0x18, 0x81, 0x18, 0x1c, 0xe7, 0xff, 0xff, 0xff, 0xff, 0xff, 0xff, 0x34, 0xad, 0x40, 0x08, 0x40, 0x08, 0x89, 0x52, 0xff, 0xff, 0xff, 0xff, 0xff, 0xff, 0xff, 0xff, 0x71, 0x94, 0xff, 0xff, 0xff, 0xff, 0xff, 0xff, 0xff, 0xff, 0xff, 0xff, 0xff, 0xff, 0xff, 0xff, 0xff, 0xff, 0xff, 0xff, 0xff, 0xff, 0xff, 0xff, 0x08, 0x52, 0x60, 0x28, 0x5d, 0xef, 0xff, 0xff, 0xff, 0xff, 0xff, 0xff, 0xad, 0xbc, 0x83, 0x7a, 0x61, 0x59, 0xff, 0xff, 0xff, 0xff, 0xff, 0xff, 0xff, 0xff, 0x30, 0x8c, 0x20, 0x10, 0x20, 0x10, 0x2c, 0x6b, 0xff, 0xff, 0xff, 0xff, 0xff, 0xff, 0xff, 0xff, 0x86, 0x39, 0x20, 0x08, 0x20, 0x08, 0x20, 0x08, 0x55, 0xad, 0xff, 0xff, 0xff, 0xff, 0xff, 0xff, 0x9e, 0xf7, 0x20, 0x00, 0x20, 0x00, 0xff, 0xff, 0xff, 0xff, 0xff, 0xff, 0xff, 0xff, 0x51, 0x8c, 0x00, 0x00, 0x00, 0x00, 0x2d, 0x6b, 0xff, 0xff, 0xff, 0xff, 0xff, 0xff, 0xff, 0xff, 0xe3, 0x28, 0xe3, 0x28, 0xff, 0xff, 0xff, 0xff, 0xff, 0xff, 0xbf, 0xff, 0x20, 0x10, 0x20, 0x10, 0x00, 0x08, 0x45, 0x31, 0xff, 0xff, 0xff, 0xff, 0xff, 0xff, 0xff, 0xff, 0xcb, 0x62, 0x20, 0x10, 0x20, 0x10, 0xd3, 0xa4, 0xff, 0xff, 0xff, 0xff, 0xff, 0xff, 0xff, 0xff, 0x65, 0x39, 0xe3, 0x28, 0xff, 0xff, 0xff, 0xff, 0xff, 0xff, 0xff, 0xff, 0xc3, 0x20, 0x20, 0x08, 0xc7, 0x39, 0xff, 0xff, 0xff, 0xff, 0xff, 0xff, 0xff, 0xff, 0xff, 0xff, 0xff, 0xff, 0xff, 0xff, 0xff, 0xff, 0xff, 0xff, 0xff, 0xff, 0x28, 0x4a, 0x20, 0x00, 0x00, 0x00, 0xb2, 0x94, 0xff, 0xff, 0xff, 0xff, 0xff, 0xff, 0xf0, 0x83, 0x21, 0x08, 0x41, 0x10, 0xdf, 0xff, 0xff, 0xff, 0xff, 0xff, 0xff, 0xff, 0xff, 0xff, 0xff, 0xff, 0xff, 0xff, 0xff, 0xff, 0xff, 0xff, 0xff, 0xff, 0xff, 0xff, 0xf0, 0x83, 0xa3, 0x18, 0x62, 0x10, 0x21, 0x08, 0x21, 0x08, 
  0xa2, 0x18, 0xa2, 0x18, 0x82, 0x18, 0x82, 0x18, 0x92, 0x9c, 0xff, 0xff, 0xff, 0xff, 0xff, 0xff, 0xff, 0xff, 0xff, 0xff, 0xff, 0xff, 0x1c, 0xe7, 0x4d, 0x73, 0x24, 0x29, 0x59, 0xce, 0xff, 0xff, 0xff, 0xff, 0xff, 0xff, 0xff, 0xff, 0xff, 0xff, 0xff, 0xff, 0x51, 0x94, 0x82, 0x18, 0x81, 0x18, 0x82, 0x18, 0x1c, 0xe7, 0xff, 0xff, 0xff, 0xff, 0xff, 0xff, 0xd7, 0xbd, 0x20, 0x10, 0x20, 0x10, 0xaa, 0x5a, 0xff, 0xff, 0xff, 0xff, 0xff, 0xff, 0xff, 0xff, 0xaf, 0x7b, 0xff, 0xff, 0xff, 0xff, 0xff, 0xff, 0xff, 0xff, 0xd3, 0x9c, 0x10, 0x84, 0x10, 0x8c, 0x10, 0x8c, 0x10, 0x8c, 0x10, 0x8c, 0x30, 0x8c, 0xa2, 0x28, 0x60, 0x28, 0x5d, 0xef, 0xff, 0xff, 0xff, 0xff, 0xff, 0xff, 0xcd, 0xc4, 0x45, 0x93, 0x23, 0x72, 0xff, 0xff, 0xff, 0xff, 0xff, 0xff, 0xff, 0xff, 0x30, 0x94, 0x20, 0x18, 0x20, 0x10, 0x2c, 0x6b, 0xff, 0xff, 0xff, 0xff, 0xff, 0xff, 0xff, 0xff, 0xa6, 0x39, 0x40, 0x10, 0x40, 0x08, 0x21, 0x08, 0x55, 0xad, 0xff, 0xff, 0xff, 0xff, 0xff, 0xff, 0x9e, 0xf7, 0x20, 0x08, 0x20, 0x00, 0x5d, 0xef, 0xff, 0xff, 0xff, 0xff, 0xff, 0xff, 0xf3, 0x9c, 0x00, 0x00, 0x00, 0x00, 0xcf, 0x7b, 0xff, 0xff, 0xff, 0xff, 0xff, 0xff, 0xff, 0xff, 0x82, 0x20, 0xe3, 0x30, 0xff, 0xff, 0xff, 0xff, 0xff, 0xff, 0xbe, 0xff, 0x20, 0x18, 0x20, 0x10, 0x20, 0x10, 0x45, 0x31, 0xff, 0xff, 0xff, 0xff, 0xff, 0xff, 0xff, 0xff, 0x6d, 0x73, 0x20, 0x10, 0x20, 0x18, 0x14, 0xad, 0xff, 0xff, 0xff, 0xff, 0xff, 0xff, 0xff, 0xff, 0xe3, 0x28, 0x03, 0x29, 0xff, 0xff, 0xff, 0xff, 0xff, 0xff, 0xff, 0xff, 0xc3, 0x20, 0x20, 0x08, 0xd7, 0xbd, 0xff, 0xff, 0xff, 0xff, 0xff, 0xff, 0x14, 0xa5, 0x08, 0x4a, 0xf3, 0xa4, 0xff, 0xff, 0xff, 0xff, 0xff, 0xff, 0xff, 0xff, 0x08, 0x4a, 0x00, 0x08, 0x00, 0x08, 0x92, 0x94, 0xff, 0xff, 0xff, 0xff, 0xff, 0xff, 0xef, 0x7b, 0x20, 0x08, 0x21, 0x08, 0x5d, 0xef, 0xff, 0xff, 0xff, 0xff, 0xff, 0xff, 0xb7, 0xbd, 0x71, 0x94, 0x92, 0x94, 0x92, 0x94, 0x92, 0x94, 0x72, 0x94, 0x72, 0x94, 0xc7, 0x39, 0x82, 0x10, 0x41, 0x08, 0x41, 0x08, 0x41, 0x08, 
  0xc3, 0x20, 0xc2, 0x20, 0xa2, 0x20, 0xa2, 0x20, 0x69, 0x5a, 0x3c, 0xef, 0xff, 0xff, 0xff, 0xff, 0xff, 0xff, 0xff, 0xff, 0xff, 0xff, 0x55, 0xad, 0xa6, 0x39, 0x82, 0x18, 0xf3, 0xa4, 0xff, 0xff, 0xff, 0xff, 0xff, 0xff, 0xff, 0xff, 0xff, 0xff, 0xbe, 0xf7, 0xc6, 0x39, 0x82, 0x18, 0x82, 0x18, 0x81, 0x18, 0x1c, 0xe7, 0xff, 0xff, 0xff, 0xff, 0xff, 0xff, 0xbf, 0xff, 0xa2, 0x18, 0x20, 0x10, 0xf3, 0xa4, 0xff, 0xff, 0xff, 0xff, 0xff, 0xff, 0xff, 0xff, 0x45, 0x31, 0x5d, 0xef, 0xff, 0xff, 0xff, 0xff, 0xff, 0xff, 0x51, 0x8c, 0x20, 0x08, 0x20, 0x10, 0x20, 0x10, 0xc7, 0x41, 0x51, 0x8c, 0x20, 0x10, 0x40, 0x18, 0x60, 0x20, 0x5d, 0xef, 0xff, 0xff, 0xff, 0xff, 0xff, 0xff, 0xad, 0xcc, 0xc2, 0xa2, 0xc3, 0x92, 0xff, 0xff, 0xff, 0xff, 0xff, 0xff, 0xff, 0xff, 0x30, 0x94, 0x40, 0x18, 0x20, 0x10, 0x2c, 0x6b, 0xff, 0xff, 0xff, 0xff, 0xff, 0xff, 0xff, 0xff, 0xa6, 0x39, 0x41, 0x10, 0x41, 0x10, 0x61, 0x10, 0x55, 0xad, 0xff, 0xff, 0xff, 0xff, 0xff, 0xff, 0x9e, 0xf7, 0x20, 0x08, 0x20, 0x08, 0x75, 0xad, 0xff, 0xff, 0xff, 0xff, 0xff, 0xff, 0x1c, 0xe7, 0x21, 0x08, 0x20, 0x00, 0x7a, 0xd6, 0xff, 0xff, 0xff, 0xff, 0xff, 0xff, 0xba, 0xde, 0x81, 0x28, 0x43, 0x49, 0xff, 0xff, 0xff, 0xff, 0xff, 0xff, 0xbe, 0xff, 0x20, 0x20, 0x20, 0x18, 0x20, 0x10, 0x45, 0x31, 0xff, 0xff, 0xff, 0xff, 0xff, 0xff, 0xff, 0xff, 0xd7, 0xc5, 0x20, 0x18, 0x61, 0x20, 0x1c, 0xe7, 0xff, 0xff, 0xff, 0xff, 0xff, 0xff, 0xfb, 0xe6, 0x40, 0x18, 0x03, 0x31, 0xff, 0xff, 0xff, 0xff, 0xff, 0xff, 0xff, 0xff, 0xc3, 0x20, 0x20, 0x10, 0x3d, 0xef, 0xff, 0xff, 0xff, 0xff, 0xff, 0xff, 0x08, 0x4a, 0x20, 0x08, 0x08, 0x42, 0xff, 0xff, 0xff, 0xff, 0xff, 0xff, 0xff, 0xff, 0x28, 0x4a, 0x00, 0x08, 0x00, 0x08, 0x71, 0x94, 0xff, 0xff, 0xff, 0xff, 0xff, 0xff, 0xcf, 0x7b, 0x00, 0x00, 0x20, 0x08, 0xd7, 0xbd, 0xff, 0xff, 0xff, 0xff, 0xff, 0xff, 0xd7, 0xbd, 0x04, 0x21, 0xe3, 0x20, 0xe3, 0x20, 0xc7, 0x39, 0x14, 0xa5, 0xe4, 0x20, 0xa2, 0x10, 0x82, 0x10, 0x61, 0x10, 0x62, 0x10, 0x62, 0x10, 
  0xe3, 0x28, 0xc3, 0x28, 0xc3, 0x20, 0xa2, 0x20, 0xc3, 0x20, 0xcf, 0x83, 0xff, 0xff, 0xff, 0xff, 0xff, 0xff, 0xff, 0xff, 0xbf, 0xff, 0x0c, 0x63, 0x82, 0x18, 0x41, 0x10, 0x49, 0x52, 0xff, 0xff, 0xff, 0xff, 0xff, 0xff, 0xff, 0xff, 0xdf, 0xff, 0x71, 0x94, 0x82, 0x18, 0x82, 0x18, 0x82, 0x18, 0x81, 0x18, 0x1c, 0xe7, 0xff, 0xff, 0xff, 0xff, 0xff, 0xff, 0xff, 0xff, 0xdb, 0xde, 0x55, 0xad, 0xff, 0xff, 0xff, 0xff, 0xff, 0xff, 0xff, 0xff, 0xd7, 0xbd, 0x20, 0x10, 0x51, 0x94, 0xff, 0xff, 0xff, 0xff, 0xff, 0xff, 0xff, 0xff, 0x1c, 0xe7, 0xf3, 0xa4, 0x18, 0xc6, 0xff, 0xff, 0xff, 0xff, 0xef, 0x83, 0x40, 0x18, 0xba, 0xde, 0xff, 0xff, 0xff, 0xff, 0xff, 0xff, 0xff, 0xff, 0xff, 0xff, 0xdf, 0xff, 0xc1, 0x89, 0xff, 0xff, 0xff, 0xff, 0xff, 0xff, 0xff, 0xff, 0xff, 0xff, 0x71, 0x9c, 0xd3, 0xa4, 0xff, 0xff, 0xff, 0xff, 0xff, 0xff, 0xff, 0xff, 0xff, 0xff, 0xff, 0xff, 0x92, 0x94, 0x41, 0x10, 0x9e, 0xf7, 0xff, 0xff, 0xff, 0xff, 0xff, 0xff, 0xff, 0xff, 0xff, 0xff, 0xff, 0xff, 0xc7, 0x39, 0xe7, 0x41, 0xff, 0xff, 0xff, 0xff, 0xff, 0xff, 0xff, 0xff, 0x59, 0xce, 0x96, 0xb5, 0xff, 0xff, 0xff, 0xff, 0xff, 0xff, 0xff, 0xff, 0x8d, 0x7b, 0x81, 0x28, 0xc1, 0x38, 0xff, 0xff, 0xff, 0xff, 0xff, 0xff, 0xff, 0xff, 0x14, 0xad, 0xb2, 0xa4, 0x61, 0x20, 0x45, 0x31, 0xff, 0xff, 0xff, 0xff, 0xff, 0xff, 0xff, 0xff, 0xff, 0xff, 0x96, 0xbd, 0x79, 0xd6, 0xff, 0xff, 0xff, 0xff, 0xff, 0xff, 0xff, 0xff, 0x8e, 0x83, 0xa2, 0x28, 0xff, 0xff, 0xff, 0xff, 0xff, 0xff, 0xff, 0xff, 0xff, 0xff, 0xff, 0xff, 0x4d, 0x73, 0x79, 0xd6, 0xff, 0xff, 0xff, 0xff, 0xff, 0xff, 0x59, 0xce, 0x92, 0x94, 0x5d, 0xef, 0xff, 0xff, 0xff, 0xff, 0xff, 0xff, 0xff, 0xff, 0x9a, 0xd6, 0x8e, 0x73, 0x00, 0x08, 0x10, 0x84, 0xff, 0xff, 0xff, 0xff, 0xff, 0xff, 0x1c, 0xe7, 0x10, 0x84, 0x2c, 0x63, 0xab, 0x5a, 0xff, 0xff, 0xff, 0xff, 0xff, 0xff, 0xff, 0xff, 0x9e, 0xf7, 0x34, 0xad, 0xbe, 0xf7, 0xff, 0xff, 0xff, 0xff, 0xb6, 0xb5, 0xa2, 0x10, 0x61, 0x10, 0x82, 0x10, 0x82, 0x10, 0x61, 0x08, 
  0xe3, 0x28, 0xc3, 0x28, 0xa2, 0x20, 0x82, 0x20, 0x61, 0x20, 0x04, 0x31, 0x59, 0xd6, 0xff, 0xff, 0xff, 0xff, 0xff, 0xff, 0x1c, 0xe7, 0xe7, 0x41, 0x41, 0x10, 0x41, 0x10, 0xc3, 0x20, 0xbf, 0xff, 0xff, 0xff, 0xff, 0xff, 0xff, 0xff, 0xd7, 0xbd, 0xa6, 0x39, 0x81, 0x18, 0x82, 0x18, 0x81, 0x18, 0x81, 0x18, 0x1c, 0xe7, 0xff, 0xff, 0xff, 0xff, 0xff, 0xff, 0xff, 0xff, 0xff, 0xff, 0xff, 0xff, 0xff, 0xff, 0xff, 0xff, 0xff, 0xff, 0xbe, 0xff, 0x65, 0x39, 0x20, 0x10, 0x82, 0x18, 0x79, 0xd6, 0xff, 0xff, 0xff, 0xff, 0xff, 0xff, 0xff, 0xff, 0xff, 0xff, 0xff, 0xff, 0xff, 0xff, 0xff, 0xff, 0xdf, 0xff, 0xc3, 0x28, 0xba, 0xde, 0xff, 0xff, 0xff, 0xff, 0xff, 0xff, 0xff, 0xff, 0xff, 0xff, 0xbf, 0xff, 0xc2, 0x89, 0xff, 0xff, 0xff, 0xff, 0xff, 0xff, 0xff, 0xff, 0xff, 0xff, 0x71, 0x9c, 0xd3, 0xa4, 0xff, 0xff, 0xff, 0xff, 0xff, 0xff, 0xff, 0xff, 0xff, 0xff, 0xff, 0xff, 0x92, 0x94, 0x41, 0x10, 0x9e, 0xf7, 0xff, 0xff, 0xff, 0xff, 0xff, 0xff, 0xff, 0xff, 0xff, 0xff, 0xff, 0xff, 0x07, 0x42, 0x41, 0x10, 0x71, 0x94, 0xff, 0xff, 0xff, 0xff, 0xff, 0xff, 0xff, 0xff, 0xff, 0xff, 0xff, 0xff, 0xff, 0xff, 0xff, 0xff, 0x34, 0xad, 0x81, 0x20, 0xa1, 0x30, 0xa0, 0x40, 0xda, 0xf6, 0xff, 0xff, 0xff, 0xff, 0xff, 0xff, 0xff, 0xff, 0xff, 0xff, 0x81, 0x20, 0x45, 0x39, 0xff, 0xff, 0xff, 0xff, 0xff, 0xff, 0xff, 0xff, 0xff, 0xff, 0xff, 0xff, 0xff, 0xff, 0xff, 0xff, 0xff, 0xff, 0xff, 0xff, 0xba, 0xde, 0xa1, 0x28, 0xc2, 0x30, 0xff, 0xff, 0xff, 0xff, 0xff, 0xff, 0xff, 0xff, 0xff, 0xff, 0xff, 0xff, 0x4d, 0x73, 0x10, 0x8c, 0xff, 0xff, 0xff, 0xff, 0xff, 0xff, 0xff, 0xff, 0xff, 0xff, 0xff, 0xff, 0xff, 0xff, 0xff, 0xff, 0xff, 0xff, 0xff, 0xff, 0xff, 0xff, 0xd3, 0x9c, 0x20, 0x08, 0x6a, 0x52, 0xff, 0xff, 0xff, 0xff, 0xff, 0xff, 0xff, 0xff, 0xff, 0xff, 0x92, 0x94, 0x20, 0x00, 0x34, 0xad, 0xff, 0xff, 0xff, 0xff, 0xff, 0xff, 0xff, 0xff, 0xff, 0xff, 0xff, 0xff, 0xff, 0xff, 0xff, 0xff, 0xff, 0xff, 0x29, 0x4a, 0x82, 0x10, 0x62, 0x10, 0x82, 0x10, 0x62, 0x10, 
  0xe3, 0x28, 0xc2, 0x28, 0xa2, 0x20, 0x82, 0x20, 0x61, 0x18, 0x61, 0x18, 0x45, 0x39, 0x92, 0x9c, 0xdf, 0xff, 0xff, 0xff, 0xd7, 0xbd, 0xc3, 0x20, 0x41, 0x10, 0x41, 0x10, 0x41, 0x10, 0xd7, 0xc5, 0xff, 0xff, 0x9e, 0xf7, 0x35, 0xad, 0xe3, 0x28, 0x61, 0x18, 0x61, 0x18, 0x61, 0x18, 0x61, 0x18, 0x61, 0x10, 0xfc, 0xe6, 0xff, 0xff, 0xff, 0xff, 0xff, 0xff, 0x1c, 0xe7, 0xdf, 0xff, 0xff, 0xff, 0xff, 0xff, 0xdf, 0xff, 0x75, 0xb5, 0x24, 0x31, 0x41, 0x10, 0x41, 0x10, 0x41, 0x10, 0x82, 0x18, 0x55, 0xad, 0xdf, 0xff, 0xff, 0xff, 0xff, 0xff, 0xff, 0xff, 0xff, 0xff, 0xff, 0xff, 0xb7, 0xbd, 0x86, 0x39, 0x40, 0x20, 0xba, 0xde, 0xff, 0xff, 0xff, 0xff, 0xff, 0xff, 0xff, 0xff, 0xff, 0xff, 0xbf, 0xff, 0xe1, 0x91, 0xff, 0xff, 0xff, 0xff, 0xff, 0xff, 0xff, 0xff, 0xff, 0xff, 0x71, 0x9c, 0xf3, 0xa4, 0xff, 0xff, 0xff, 0xff, 0xff, 0xff, 0xff, 0xff, 0xff, 0xff, 0xff, 0xff, 0x71, 0x94, 0x41, 0x10, 0x9e, 0xf7, 0xff, 0xff, 0xff, 0xff, 0xff, 0xff, 0xff, 0xff, 0xff, 0xff, 0xff, 0xff, 0x07, 0x4a, 0x61, 0x10, 0x82, 0x18, 0x2c, 0x6b, 0xfb, 0xe6, 0xff, 0xff, 0xff, 0xff, 0xff, 0xff, 0xff, 0xff, 0x39, 0xce, 0x8e, 0x7b, 0x61, 0x18, 0x61, 0x20, 0x80, 0x30, 0xa1, 0x48, 0xea, 0x92, 0xff, 0xff, 0xff, 0xff, 0xff, 0xff, 0xff, 0xff, 0xff, 0xff, 0x81, 0x28, 0x45, 0x39, 0xff, 0xff, 0xff, 0xff, 0xff, 0xff, 0xff, 0xff, 0xdb, 0xde, 0xff, 0xff, 0xff, 0xff, 0xff, 0xff, 0x7d, 0xf7, 0x70, 0xa4, 0x02, 0x49, 0x80, 0x30, 0xc2, 0x30, 0xff, 0xff, 0xff, 0xff, 0xff, 0xff, 0xff, 0xff, 0xff, 0xff, 0xff, 0xff, 0x2c, 0x73, 0x40, 0x10, 0x51, 0x94, 0xff, 0xff, 0xff, 0xff, 0xff, 0xff, 0xff, 0xff, 0x7a, 0xd6, 0xef, 0x83, 0xff, 0xff, 0xff, 0xff, 0xff, 0xff, 0xff, 0xff, 0xd3, 0x9c, 0x41, 0x10, 0x20, 0x10, 0x18, 0xc6, 0xff, 0xff, 0xff, 0xff, 0xff, 0xff, 0xff, 0xff, 0x92, 0x94, 0x00, 0x00, 0x20, 0x08, 0x71, 0x94, 0x9e, 0xf7, 0xff, 0xff, 0xff, 0xff, 0xff, 0xff, 0xff, 0xff, 0xff, 0xff, 0x59, 0xce, 0xab, 0x5a, 0xa3, 0x18, 0xa2, 0x10, 0x82, 0x10, 0x62, 0x10, 0x61, 0x08, 
  0xc3, 0x28, 0xa2, 0x28, 0x82, 0x20, 0x61, 0x20, 0x61, 0x18, 0x61, 0x18, 0x61, 0x18, 0xe3, 0x28, 0xef, 0x83, 0x39, 0xce, 0xcf, 0x83, 0x41, 0x18, 0x41, 0x18, 0x21, 0x10, 0x41, 0x18, 0x8e, 0x7b, 0x79, 0xd6, 0x6d, 0x7b, 0x24, 0x31, 0x61, 0x18, 0x61, 0x18, 0x61, 0x18, 0x61, 0x18, 0x61, 0x18, 0x61, 0x18, 0xfc, 0xe6, 0xff, 0xff, 0xff, 0xff, 0xff, 0xff, 0xf4, 0xa4, 0x82, 0x18, 0x08, 0x4a, 0xe7, 0x49, 0x61, 0x18, 0x41, 0x18, 0x41, 0x18, 0x41, 0x18, 0x41, 0x10, 0x41, 0x10, 0x41, 0x10, 0x41, 0x10, 0xa2, 0x18, 0x8e, 0x7b, 0x10, 0x84, 0x0c, 0x63, 0xc7, 0x41, 0x61, 0x18, 0x20, 0x10, 0x20, 0x10, 0x40, 0x18, 0x81, 0x28, 0x61, 0x28, 0x81, 0x30, 0xa0, 0x38, 0xa0, 0x38, 0xc1, 0x58, 0x21, 0x81, 0xa1, 0x91, 0x41, 0x61, 0xa1, 0x38, 0x80, 0x30, 0x60, 0x20, 0x60, 0x20, 0x61, 0x20, 0x61, 0x18, 0x61, 0x18, 0x40, 0x10, 0x41, 0x18, 0x41, 0x10, 0x20, 0x10, 0x20, 0x10, 0x41, 0x10, 0x20, 0x10, 0x41, 0x10, 0x41, 0x10, 0x61, 0x18, 0x82, 0x18, 0x61, 0x18, 0x41, 0x10, 0x41, 0x10, 0x41, 0x10, 0x41, 0x10, 0x81, 0x10, 0x81, 0x18, 0x61, 0x10, 0xa6, 0x39, 0x49, 0x4a, 0x28, 0x4a, 0x65, 0x31, 0x40, 0x08, 0x40, 0x10, 0x40, 0x18, 0x40, 0x20, 0x61, 0x28, 0xa0, 0x38, 0xa1, 0x48, 0x22, 0x71, 0x8b, 0xec, 0xf1, 0xc4, 0xea, 0x72, 0xe6, 0x51, 0x40, 0x20, 0x45, 0x39, 0xff, 0xff, 0xff, 0xff, 0xff, 0xff, 0xff, 0xff, 0xca, 0x6a, 0x44, 0x41, 0x88, 0x6a, 0x06, 0x6a, 0x61, 0x81, 0x21, 0xaa, 0x21, 0x69, 0xa0, 0x38, 0x80, 0x30, 0x80, 0x28, 0x60, 0x20, 0x40, 0x20, 0x40, 0x18, 0x40, 0x18, 0x40, 0x18, 0x20, 0x10, 0x20, 0x10, 0x41, 0x10, 0x44, 0x31, 0x4c, 0x73, 0xae, 0x7b, 0x69, 0x52, 0xa2, 0x18, 0x81, 0x18, 0x81, 0x18, 0x81, 0x18, 0x81, 0x18, 0x81, 0x18, 0x61, 0x18, 0x61, 0x18, 0x61, 0x18, 0x40, 0x08, 0x86, 0x39, 0x6e, 0x73, 0xaf, 0x7b, 0x28, 0x4a, 0xa2, 0x18, 0x20, 0x08, 0x61, 0x10, 0x41, 0x10, 0x41, 0x10, 0x2c, 0x6b, 0x30, 0x8c, 0x4d, 0x6b, 0x08, 0x42, 0xc3, 0x18, 0x61, 0x08, 0x61, 0x08, 0x62, 0x10, 0x62, 0x10, 0x61, 0x08, 0x61, 0x08, 0x61, 0x08, 
  0xa2, 0x28, 0x03, 0x31, 0x81, 0x20, 0x61, 0x20, 0x61, 0x20, 0xe3, 0x28, 0xa2, 0x20, 0x61, 0x20, 0x62, 0x20, 0x82, 0x20, 0x61, 0x20, 0x61, 0x18, 0x41, 0x18, 0x41, 0x18, 0x41, 0x18, 0x61, 0x18, 0x61, 0x18, 0x81, 0x20, 0x61, 0x18, 0x61, 0x18, 0x61, 0x18, 0x41, 0x18, 0x41, 0x18, 0x41, 0x18, 0x6d, 0x73, 0x9e, 0xf7, 0xff, 0xff, 0xff, 0xff, 0xff, 0xff, 0x9a, 0xd6, 0x4d, 0x73, 0x20, 0x10, 0x20, 0x10, 0x40, 0x18, 0x41, 0x18, 0x20, 0x10, 0x41, 0x10, 0x20, 0x10, 0x20, 0x10, 0x20, 0x10, 0x41, 0x10, 0x41, 0x10, 0x41, 0x10, 0x20, 0x10, 0x20, 0x10, 0x20, 0x10, 0x20, 0x10, 0x20, 0x10, 0x20, 0x10, 0x20, 0x10, 0x40, 0x18, 0x40, 0x20, 0x60, 0x28, 0x80, 0x30, 0xa0, 0x30, 0xa1, 0x40, 0x21, 0x81, 0xa1, 0x91, 0x21, 0x59, 0xa0, 0x38, 0x81, 0x28, 0x60, 0x20, 0x60, 0x20, 0x61, 0x20, 0x61, 0x20, 0x61, 0x20, 0x41, 0x18, 0x61, 0x18, 0x41, 0x10, 0x41, 0x10, 0x40, 0x10, 0x41, 0x10, 0x41, 0x10, 0x41, 0x10, 0x61, 0x18, 0x41, 0x10, 0x61, 0x18, 0x61, 0x10, 0x41, 0x10, 0x41, 0x10, 0x41, 0x10, 0x41, 0x10, 0x81, 0x18, 0x61, 0x10, 0x61, 0x10, 0x82, 0x18, 0x81, 0x18, 0x61, 0x10, 0x41, 0x10, 0x40, 0x08, 0x40, 0x10, 0x20, 0x10, 0x61, 0x18, 0x60, 0x20, 0x80, 0x30, 0xa1, 0x38, 0xa1, 0x48, 0xa2, 0xa1, 0x41, 0x69, 0x80, 0x30, 0x60, 0x28, 0xa1, 0x28, 0xd2, 0xa4, 0xff, 0xff, 0xff, 0xff, 0xff, 0xff, 0xff, 0xff, 0x75, 0xb5, 0x48, 0x62, 0xa0, 0x38, 0xe1, 0x40, 0xc0, 0x40, 0xc2, 0x89, 0x01, 0x9a, 0xc1, 0x40, 0xa1, 0x38, 0x81, 0x30, 0x60, 0x28, 0x60, 0x20, 0x40, 0x20, 0x40, 0x18, 0x40, 0x18, 0x40, 0x18, 0x40, 0x18, 0x61, 0x18, 0xa2, 0x20, 0xa1, 0x20, 0xa2, 0x20, 0xc2, 0x20, 0xa2, 0x20, 0xa2, 0x20, 0xa2, 0x18, 0x82, 0x18, 0xa2, 0x20, 0x81, 0x20, 0x82, 0x18, 0x81, 0x18, 0x61, 0x18, 0x61, 0x18, 0x41, 0x10, 0x40, 0x10, 0x40, 0x10, 0x41, 0x10, 0x21, 0x08, 0x20, 0x08, 0x20, 0x08, 0x21, 0x08, 0x21, 0x08, 0x61, 0x10, 0x61, 0x10, 0x41, 0x08, 0x41, 0x08, 0x20, 0x08, 0x20, 0x08, 0x20, 0x08, 0x41, 0x08, 0x41, 0x08, 0x61, 0x08, 0x61, 0x08, 0x82, 0x10, 
  0xa2, 0x28, 0xa2, 0x28, 0x61, 0x20, 0x61, 0x20, 0x61, 0x20, 0x61, 0x20, 0x61, 0x20, 0x61, 0x20, 0x61, 0x20, 0x81, 0x20, 0x61, 0x20, 0x61, 0x20, 0x61, 0x18, 0x61, 0x18, 0x61, 0x18, 0x61, 0x18, 0x61, 0x18, 0x61, 0x18, 0x61, 0x18, 0x61, 0x18, 0x61, 0x18, 0x61, 0x18, 0x61, 0x18, 0x61, 0x18, 0x79, 0xd6, 0xff, 0xff, 0xff, 0xff, 0xff, 0xff, 0xff, 0xff, 0xff, 0xff, 0x7a, 0xd6, 0x20, 0x10, 0x40, 0x18, 0x41, 0x18, 0x61, 0x18, 0x41, 0x18, 0x41, 0x18, 0x40, 0x10, 0x40, 0x10, 0x40, 0x10, 0x40, 0x10, 0x40, 0x10, 0x41, 0x10, 0x41, 0x10, 0x41, 0x10, 0x40, 0x10, 0x41, 0x18, 0x40, 0x18, 0x40, 0x10, 0x20, 0x10, 0x40, 0x18, 0x40, 0x20, 0x60, 0x20, 0x60, 0x28, 0x80, 0x30, 0x81, 0x38, 0xe1, 0x70, 0x41, 0x71, 0xe2, 0x40, 0xa0, 0x30, 0xa1, 0x30, 0x81, 0x28, 0x81, 0x20, 0x81, 0x20, 0x61, 0x18, 0x61, 0x18, 0x61, 0x18, 0x61, 0x18, 0x61, 0x18, 0x41, 0x18, 0x61, 0x18, 0x61, 0x10, 0x61, 0x10, 0x41, 0x10, 0x61, 0x10, 0x41, 0x10, 0x41, 0x10, 0x61, 0x10, 0x61, 0x10, 0x41, 0x10, 0x41, 0x10, 0x41, 0x10, 0x61, 0x10, 0x61, 0x10, 0x61, 0x10, 0x61, 0x10, 0x81, 0x18, 0xa2, 0x18, 0x82, 0x18, 0x41, 0x10, 0x20, 0x08, 0x20, 0x08, 0x20, 0x10, 0x40, 0x18, 0x61, 0x28, 0xa1, 0x30, 0xc1, 0x38, 0xc0, 0x68, 0xc1, 0x60, 0x81, 0x30, 0x60, 0x28, 0x03, 0x39, 0xff, 0xff, 0xff, 0xff, 0xff, 0xff, 0xff, 0xff, 0xff, 0xff, 0xff, 0xff, 0x50, 0x9c, 0x80, 0x30, 0xe1, 0x40, 0x01, 0x49, 0x21, 0x51, 0xe3, 0xba, 0xe0, 0x40, 0xc1, 0x38, 0xa1, 0x30, 0x80, 0x28, 0x60, 0x20, 0x60, 0x20, 0x40, 0x20, 0x61, 0x20, 0x81, 0x20, 0xa1, 0x20, 0xc2, 0x28, 0xc2, 0x28, 0xc2, 0x28, 0xc2, 0x28, 0xe2, 0x28, 0xc2, 0x20, 0xa1, 0x18, 0x81, 0x18, 0x61, 0x18, 0x81, 0x18, 0xc2, 0x20, 0xe3, 0x28, 0xc2, 0x20, 0xa2, 0x20, 0xa2, 0x20, 0x61, 0x18, 0x81, 0x20, 0x61, 0x18, 0x41, 0x18, 0x61, 0x18, 0x82, 0x18, 0x61, 0x18, 0x61, 0x10, 0x61, 0x10, 0x81, 0x10, 0x82, 0x10, 0x81, 0x10, 0x61, 0x10, 0x61, 0x10, 0x61, 0x10, 0x61, 0x10, 0x61, 0x08, 0x61, 0x10, 0x82, 0x10, 0x82, 0x10, 0x41, 0x08, 
  0x81, 0x28, 0x81, 0x28, 0x81, 0x28, 0x81, 0x28, 0x61, 0x20, 0x61, 0x20, 0x81, 0x28, 0x61, 0x20, 0x61, 0x20, 0x61, 0x20, 0x61, 0x20, 0x61, 0x20, 0x61, 0x20, 0x61, 0x20, 0x61, 0x18, 0x61, 0x18, 0x61, 0x18, 0x61, 0x18, 0x61, 0x18, 0x61, 0x18, 0x61, 0x18, 0x41, 0x18, 0x41, 0x18, 0x61, 0x18, 0x79, 0xd6, 0xff, 0xff, 0xff, 0xff, 0xff, 0xff, 0xff, 0xff, 0xff, 0xff, 0x7a, 0xd6, 0x20, 0x10, 0x41, 0x18, 0x61, 0x18, 0x61, 0x18, 0x41, 0x18, 0x40, 0x18, 0x40, 0x18, 0x20, 0x10, 0x20, 0x10, 0x40, 0x10, 0x40, 0x10, 0x41, 0x10, 0x40, 0x10, 0x40, 0x10, 0x40, 0x10, 0x40, 0x18, 0x81, 0x28, 0x41, 0x18, 0x81, 0x20, 0x81, 0x28, 0x60, 0x28, 0x81, 0x28, 0x80, 0x30, 0x80, 0x30, 0x80, 0x38, 0xc1, 0x58, 0xa1, 0x40, 0xa1, 0x38, 0xa1, 0x30, 0xc1, 0x38, 0xc1, 0x30, 0x80, 0x28, 0xa2, 0x28, 0x61, 0x18, 0x81, 0x20, 0xc2, 0x28, 0x61, 0x18, 0x61, 0x18, 0x81, 0x18, 0x81, 0x18, 0x81, 0x18, 0x61, 0x18, 0x61, 0x10, 0x61, 0x18, 0x61, 0x10, 0x41, 0x10, 0x41, 0x10, 0x41, 0x10, 0x41, 0x10, 0x41, 0x10, 0x41, 0x10, 0x41, 0x10, 0x41, 0x10, 0x41, 0x10, 0x61, 0x10, 0x61, 0x10, 0x82, 0x18, 0xa2, 0x18, 0x61, 0x10, 0x41, 0x10, 0x20, 0x08, 0x20, 0x08, 0x20, 0x10, 0x40, 0x20, 0x81, 0x28, 0xa1, 0x30, 0xa1, 0x40, 0xa1, 0x48, 0x81, 0x30, 0x40, 0x20, 0xe3, 0x30, 0xff, 0xff, 0xff, 0xff, 0xff, 0xff, 0xff, 0xff, 0xff, 0xff, 0xff, 0xff, 0x50, 0x9c, 0x81, 0x30, 0xe1, 0x40, 0x21, 0x51, 0x21, 0x51, 0xa5, 0xcb, 0x01, 0x49, 0xe1, 0x40, 0xc1, 0x38, 0x80, 0x28, 0x60, 0x28, 0x60, 0x20, 0x61, 0x20, 0x81, 0x20, 0xa1, 0x28, 0xa1, 0x28, 0xc2, 0x28, 0xc2, 0x28, 0xe2, 0x28, 0xc2, 0x28, 0xc2, 0x20, 0xc2, 0x20, 0xa1, 0x18, 0x81, 0x18, 0x61, 0x10, 0x81, 0x18, 0xc2, 0x20, 0xa2, 0x20, 0xc2, 0x20, 0xc2, 0x20, 0xe2, 0x28, 0xc2, 0x28, 0xc1, 0x28, 0x81, 0x18, 0x61, 0x18, 0x81, 0x18, 0x82, 0x18, 0x41, 0x10, 0x61, 0x10, 0x61, 0x10, 0x82, 0x10, 0xa2, 0x10, 0x82, 0x10, 0x82, 0x18, 0xc3, 0x20, 0x81, 0x10, 0x61, 0x10, 0xc3, 0x18, 0xa2, 0x18, 0x82, 0x10, 0x61, 0x08, 0x61, 0x08, 
  0x61, 0x28, 0x81, 0x28, 0xa2, 0x30, 0xa2, 0x30, 0x03, 0x39, 0x81, 0x28, 0xa2, 0x30, 0x81, 0x28, 0x61, 0x20, 0x61, 0x20, 0x61, 0x20, 0x61, 0x20, 0x61, 0x20, 0x61, 0x20, 0x61, 0x20, 0x61, 0x20, 0x61, 0x20, 0x61, 0x20, 0x61, 0x20, 0x81, 0x20, 0x61, 0x18, 0x61, 0x18, 0x40, 0x18, 0x61, 0x18, 0x6d, 0x73, 0x30, 0x94, 0x30, 0x8c, 0x30, 0x8c, 0x30, 0x8c, 0x10, 0x8c, 0x6d, 0x73, 0x40, 0x18, 0x61, 0x20, 0x61, 0x20, 0x61, 0x20, 0x61, 0x20, 0x40, 0x20, 0x40, 0x18, 0x61, 0x18, 0x40, 0x18, 0x40, 0x18, 0x40, 0x18, 0x60, 0x18, 0x40, 0x18, 0x40, 0x18, 0x40, 0x18, 0x40, 0x18, 0x60, 0x20, 0x61, 0x20, 0x81, 0x28, 0x81, 0x28, 0xa0, 0x28, 0x80, 0x30, 0xc1, 0x48, 0xa1, 0x38, 0xa0, 0x38, 0x80, 0x38, 0xa1, 0x30, 0xa1, 0x30, 0xa1, 0x28, 0xc1, 0x30, 0xe1, 0x38, 0xa1, 0x30, 0x81, 0x20, 0x81, 0x20, 0x81, 0x20, 0x81, 0x20, 0xa2, 0x20, 0x81, 0x20, 0xc2, 0x20, 0xc2, 0x20, 0x81, 0x18, 0x61, 0x18, 0x61, 0x18, 0x81, 0x18, 0x82, 0x18, 0x61, 0x18, 0x61, 0x10, 0x41, 0x10, 0x20, 0x08, 0x20, 0x08, 0x20, 0x08, 0x21, 0x08, 0x41, 0x10, 0x41, 0x10, 0x61, 0x10, 0x61, 0x10, 0x81, 0x18, 0xa2, 0x18, 0xa2, 0x18, 0x41, 0x10, 0x20, 0x10, 0x20, 0x10, 0x40, 0x10, 0x40, 0x18, 0x81, 0x28, 0xa1, 0x28, 0xa1, 0x30, 0xa1, 0x38, 0xa1, 0x30, 0x60, 0x20, 0x82, 0x28, 0x30, 0x94, 0x51, 0x94, 0x50, 0x94, 0x30, 0x94, 0x30, 0x94, 0x30, 0x94, 0x68, 0x62, 0xa1, 0x30, 0xe1, 0x40, 0x21, 0x51, 0x62, 0x59, 0x86, 0xe4, 0x21, 0x51, 0x01, 0x41, 0xe1, 0x38, 0xa1, 0x30, 0x81, 0x28, 0x81, 0x20, 0x81, 0x28, 0xa2, 0x28, 0xa2, 0x28, 0xa1, 0x20, 0xc2, 0x28, 0xc2, 0x28, 0xc2, 0x20, 0xc2, 0x20, 0xc2, 0x28, 0xc2, 0x20, 0x82, 0x18, 0x81, 0x18, 0x81, 0x18, 0x81, 0x18, 0xc2, 0x28, 0xa2, 0x20, 0xc2, 0x28, 0xe2, 0x28, 0x03, 0x31, 0x22, 0x49, 0xc1, 0x30, 0x81, 0x20, 0x81, 0x18, 0x81, 0x18, 0x61, 0x10, 0x61, 0x10, 0x41, 0x10, 0x61, 0x10, 0x82, 0x10, 0x82, 0x10, 0x41, 0x08, 0x41, 0x08, 0x61, 0x10, 0x81, 0x10, 0x81, 0x10, 0xa2, 0x18, 0x43, 0x31, 0x62, 0x10, 0x41, 0x08, 0x20, 0x00, 
  0x41, 0x20, 0x61, 0x28, 0xa2, 0x30, 0xc2, 0x30, 0x23, 0x41, 0xa1, 0x30, 0x81, 0x30, 0x81, 0x28, 0x61, 0x28, 0x61, 0x20, 0x61, 0x20, 0x61, 0x20, 0x61, 0x20, 0x61, 0x20, 0x61, 0x20, 0x61, 0x20, 0x61, 0x20, 0x61, 0x20, 0x81, 0x20, 0x81, 0x20, 0x61, 0x20, 0x61, 0x18, 0x61, 0x18, 0x61, 0x18, 0x61, 0x20, 0x81, 0x20, 0x40, 0x18, 0x40, 0x18, 0x20, 0x18, 0x20, 0x18, 0x40, 0x18, 0x61, 0x20, 0x61, 0x20, 0x60, 0x28, 0x81, 0x28, 0x81, 0x28, 0x61, 0x20, 0x61, 0x28, 0x61, 0x28, 0x60, 0x28, 0x61, 0x28, 0x60, 0x20, 0x60, 0x20, 0x61, 0x20, 0x60, 0x20, 0x40, 0x20, 0x60, 0x20, 0x60, 0x20, 0x81, 0x28, 0xa1, 0x30, 0xc1, 0x38, 0xc0, 0x38, 0xc0, 0x38, 0x41, 0x69, 0xe1, 0x48, 0xc1, 0x38, 0xa1, 0x38, 0xa0, 0x30, 0xa1, 0x30, 0xa1, 0x28, 0xe2, 0x30, 0xe1, 0x38, 0xc1, 0x38, 0xa1, 0x30, 0xa1, 0x20, 0xa1, 0x20, 0xa1, 0x20, 0xc2, 0x28, 0xa2, 0x20, 0xc2, 0x20, 0xa2, 0x20, 0xa2, 0x18, 0x61, 0x18, 0x81, 0x18, 0x82, 0x18, 0x81, 0x18, 0x82, 0x18, 0x81, 0x18, 0x61, 0x10, 0x40, 0x10, 0x20, 0x08, 0x20, 0x08, 0x20, 0x08, 0x21, 0x08, 0x41, 0x10, 0x81, 0x10, 0x61, 0x10, 0x82, 0x18, 0x82, 0x18, 0xa2, 0x20, 0x82, 0x18, 0x41, 0x10, 0x20, 0x08, 0x20, 0x10, 0x40, 0x18, 0x60, 0x20, 0xa1, 0x30, 0xa1, 0x30, 0xa1, 0x38, 0xc1, 0x30, 0x81, 0x28, 0x40, 0x18, 0x40, 0x18, 0x81, 0x20, 0xc2, 0x28, 0xa1, 0x28, 0x40, 0x20, 0x61, 0x20, 0x81, 0x28, 0xa1, 0x30, 0xe1, 0x38, 0x21, 0x49, 0x62, 0x59, 0x07, 0xed, 0x61, 0x59, 0x21, 0x49, 0xe1, 0x38, 0xa1, 0x30, 0x81, 0x28, 0x81, 0x20, 0x81, 0x28, 0xc2, 0x28, 0xa2, 0x28, 0xa2, 0x28, 0xc2, 0x28, 0xc2, 0x28, 0xc2, 0x20, 0xc2, 0x20, 0xc2, 0x20, 0xc2, 0x20, 0xa2, 0x18, 0x81, 0x18, 0x81, 0x18, 0xa2, 0x20, 0xa2, 0x20, 0xc2, 0x28, 0xe2, 0x30, 0x23, 0x39, 0x43, 0x41, 0x42, 0x51, 0xe2, 0x30, 0xa1, 0x20, 0x81, 0x20, 0x81, 0x20, 0x41, 0x10, 0x61, 0x10, 0x41, 0x08, 0x61, 0x10, 0x81, 0x10, 0x82, 0x10, 0x41, 0x08, 0x20, 0x08, 0x20, 0x08, 0x41, 0x08, 0x61, 0x08, 0x82, 0x10, 0x03, 0x21, 0x61, 0x08, 0x41, 0x08, 0x21, 0x08, 
  0x41, 0x20, 0x61, 0x28, 0x81, 0x30, 0x81, 0x30, 0xa1, 0x30, 0x81, 0x30, 0x81, 0x28, 0x81, 0x28, 0x81, 0x28, 0x61, 0x28, 0x61, 0x28, 0x81, 0x28, 0x81, 0x28, 0x81, 0x28, 0x81, 0x28, 0x81, 0x20, 0x61, 0x20, 0x81, 0x20, 0xa1, 0x28, 0x81, 0x20, 0x81, 0x20, 0x61, 0x20, 0x61, 0x20, 0x81, 0x20, 0x81, 0x20, 0x81, 0x20, 0x61, 0x20, 0x40, 0x18, 0x40, 0x18, 0x60, 0x20, 0x81, 0x28, 0x81, 0x28, 0x81, 0x30, 0xa1, 0x30, 0xa1, 0x30, 0xc1, 0x38, 0xa1, 0x30, 0xa1, 0x30, 0x81, 0x30, 0xa1, 0x38, 0xa1, 0x40, 0xa1, 0x30, 0xa0, 0x30, 0xa0, 0x30, 0x80, 0x28, 0x80, 0x28, 0x80, 0x28, 0xa1, 0x30, 0xc1, 0x38, 0x01, 0x49, 0x01, 0x49, 0x01, 0x49, 0x21, 0x59, 0x01, 0x9a, 0x61, 0x69, 0x01, 0x49, 0x01, 0x49, 0xe1, 0x40, 0xc1, 0x38, 0xe1, 0x38, 0xc2, 0x30, 0xa1, 0x30, 0xe1, 0x48, 0x02, 0x41, 0xc1, 0x28, 0xc2, 0x28, 0xc2, 0x28, 0xa2, 0x20, 0xc2, 0x20, 0xa2, 0x20, 0xa2, 0x20, 0x81, 0x18, 0x61, 0x18, 0x61, 0x10, 0x81, 0x18, 0x81, 0x18, 0x81, 0x18, 0xa2, 0x18, 0x82, 0x18, 0x81, 0x10, 0x61, 0x10, 0x41, 0x10, 0x20, 0x08, 0x21, 0x08, 0x61, 0x10, 0x82, 0x18, 0x61, 0x10, 0x61, 0x10, 0x81, 0x10, 0xa2, 0x20, 0xe2, 0x20, 0x81, 0x18, 0x40, 0x10, 0x40, 0x18, 0x60, 0x20, 0x80, 0x28, 0xe1, 0x38, 0xa1, 0x30, 0xc1, 0x38, 0xe1, 0x40, 0xa1, 0x30, 0x61, 0x20, 0x61, 0x20, 0x41, 0x20, 0x40, 0x20, 0x81, 0x20, 0x81, 0x28, 0x60, 0x20, 0x80, 0x28, 0xa1, 0x30, 0xe1, 0x38, 0x22, 0x49, 0x62, 0x59, 0xaa, 0xf5, 0xe2, 0x71, 0x21, 0x49, 0xe1, 0x40, 0xa1, 0x30, 0x81, 0x28, 0x81, 0x20, 0x81, 0x28, 0xc2, 0x28, 0xc2, 0x28, 0xc2, 0x28, 0xe2, 0x28, 0xc2, 0x28, 0xc2, 0x28, 0xc2, 0x20, 0xa2, 0x20, 0xa2, 0x20, 0xa2, 0x18, 0x82, 0x18, 0xc2, 0x20, 0xc2, 0x20, 0xc2, 0x20, 0xc2, 0x28, 0x03, 0x39, 0x63, 0x49, 0x63, 0x49, 0x62, 0x61, 0x02, 0x39, 0x81, 0x20, 0x81, 0x20, 0x81, 0x20, 0x41, 0x10, 0x41, 0x08, 0x41, 0x08, 0x41, 0x08, 0x61, 0x10, 0x82, 0x10, 0x41, 0x08, 0x20, 0x08, 0x20, 0x08, 0x20, 0x08, 0x41, 0x08, 0x41, 0x10, 0xa2, 0x18, 0x61, 0x10, 0x82, 0x10, 0x41, 0x08, 
  0x41, 0x28, 0x61, 0x30, 0x81, 0x30, 0xc2, 0x38, 0xa1, 0x38, 0x81, 0x30, 0x61, 0x28, 0x61, 0x28, 0x81, 0x30, 0x81, 0x28, 0x81, 0x28, 0x81, 0x28, 0x81, 0x28, 0x81, 0x28, 0xa1, 0x28, 0x81, 0x28, 0x81, 0x28, 0xa2, 0x28, 0xa2, 0x28, 0x81, 0x28, 0x81, 0x20, 0x81, 0x20, 0x81, 0x20, 0x61, 0x20, 0x81, 0x20, 0xa1, 0x28, 0x81, 0x20, 0x61, 0x20, 0x61, 0x28, 0x81, 0x28, 0xc1, 0x30, 0xc1, 0x38, 0xc1, 0x40, 0xc1, 0x40, 0x01, 0x49, 0x01, 0x51, 0xc1, 0x40, 0xc1, 0x38, 0xa0, 0x38, 0xc1, 0x40, 0x21, 0x69, 0xe1, 0x50, 0xe1, 0x40, 0xe1, 0x40, 0xc1, 0x40, 0xe1, 0x40, 0xe1, 0x40, 0x01, 0x49, 0x01, 0x49, 0x21, 0x51, 0x41, 0x59, 0x61, 0x69, 0x01, 0x92, 0x41, 0xcb, 0x61, 0xaa, 0x61, 0x61, 0x41, 0x51, 0x01, 0x41, 0xe1, 0x38, 0xe1, 0x38, 0xa1, 0x30, 0xc1, 0x38, 0x21, 0x59, 0x01, 0x49, 0x02, 0x39, 0xe2, 0x30, 0xc2, 0x28, 0xa2, 0x20, 0xc2, 0x20, 0xc3, 0x28, 0x82, 0x18, 0x82, 0x18, 0x81, 0x18, 0x61, 0x10, 0x81, 0x18, 0x82, 0x18, 0xa2, 0x18, 0xc2, 0x20, 0xc2, 0x18, 0x82, 0x18, 0x81, 0x18, 0x61, 0x18, 0x61, 0x10, 0x41, 0x10, 0x61, 0x10, 0xa2, 0x18, 0x82, 0x18, 0x61, 0x18, 0x61, 0x10, 0x82, 0x18, 0xe2, 0x20, 0xe3, 0x28, 0xa1, 0x20, 0x60, 0x20, 0x60, 0x20, 0xa0, 0x30, 0x01, 0x41, 0xc1, 0x38, 0xc1, 0x38, 0xe1, 0x40, 0xc1, 0x38, 0xa1, 0x30, 0x61, 0x20, 0x40, 0x20, 0x40, 0x18, 0x40, 0x18, 0x81, 0x20, 0x81, 0x28, 0x81, 0x28, 0xc1, 0x30, 0x01, 0x41, 0x62, 0x51, 0xa2, 0x61, 0x2d, 0xf6, 0x23, 0x82, 0x42, 0x51, 0x01, 0x41, 0xc1, 0x30, 0x81, 0x28, 0x81, 0x28, 0xa1, 0x28, 0xa1, 0x28, 0xe2, 0x28, 0xe2, 0x28, 0xe3, 0x30, 0xe2, 0x28, 0xe3, 0x28, 0xc2, 0x20, 0xc2, 0x20, 0xa2, 0x20, 0xa2, 0x20, 0xa2, 0x18, 0xa2, 0x20, 0xa2, 0x20, 0xa1, 0x20, 0xc2, 0x28, 0x23, 0x41, 0x83, 0x51, 0x62, 0x61, 0xa1, 0x79, 0x02, 0x39, 0xa1, 0x20, 0x81, 0x20, 0x81, 0x18, 0x61, 0x10, 0x41, 0x08, 0x41, 0x08, 0x41, 0x08, 0x61, 0x08, 0x82, 0x10, 0x61, 0x10, 0x41, 0x08, 0x21, 0x08, 0x20, 0x08, 0x41, 0x08, 0x41, 0x08, 0x61, 0x10, 0x41, 0x08, 0x41, 0x08, 0x41, 0x10, 
  0x61, 0x30, 0x81, 0x30, 0xc2, 0x50, 0x81, 0x38, 0xa1, 0x40, 0x81, 0x38, 0x81, 0x30, 0x81, 0x30, 0x81, 0x30, 0x81, 0x30, 0x81, 0x30, 0x81, 0x30, 0x81, 0x30, 0xa1, 0x30, 0xa2, 0x30, 0xa2, 0x30, 0xa2, 0x30, 0xc2, 0x30, 0xa2, 0x28, 0xa2, 0x28, 0xa1, 0x28, 0xa2, 0x28, 0xa2, 0x28, 0xa2, 0x28, 0xa2, 0x28, 0xa2, 0x28, 0xa2, 0x28, 0xa1, 0x28, 0xa1, 0x28, 0xc1, 0x30, 0xe1, 0x40, 0xe1, 0x40, 0x01, 0x49, 0x01, 0x51, 0x81, 0x71, 0x81, 0x69, 0x01, 0x49, 0xe1, 0x48, 0xe0, 0x48, 0xe0, 0x50, 0x81, 0x81, 0xe2, 0xb2, 0x62, 0x69, 0x21, 0x51, 0x21, 0x51, 0x41, 0x51, 0x21, 0x51, 0x41, 0x59, 0x61, 0x61, 0x81, 0x69, 0xc1, 0x89, 0x61, 0xaa, 0xa2, 0xdb, 0x82, 0xf4, 0xe2, 0xe3, 0x42, 0x92, 0xa1, 0x69, 0x61, 0x61, 0x21, 0x49, 0x01, 0x41, 0xe1, 0x38, 0xe1, 0x40, 0x41, 0x69, 0x61, 0x71, 0x22, 0x49, 0x22, 0x39, 0xc2, 0x28, 0xa2, 0x20, 0xe2, 0x20, 0xa2, 0x20, 0x82, 0x18, 0x61, 0x18, 0x81, 0x18, 0x61, 0x18, 0x61, 0x18, 0x61, 0x10, 0x82, 0x18, 0xc2, 0x18, 0xc2, 0x20, 0x82, 0x18, 0x81, 0x18, 0x61, 0x18, 0x82, 0x18, 0x82, 0x18, 0x61, 0x18, 0xa2, 0x18, 0x81, 0x18, 0x61, 0x18, 0x41, 0x10, 0x61, 0x10, 0xa2, 0x20, 0x02, 0x31, 0xc1, 0x28, 0xc1, 0x28, 0xa1, 0x30, 0x00, 0x51, 0x61, 0x69, 0x01, 0x49, 0xe1, 0x48, 0x01, 0x41, 0x01, 0x41, 0xe1, 0x38, 0x81, 0x28, 0x40, 0x20, 0x40, 0x20, 0x40, 0x18, 0x60, 0x20, 0xa1, 0x28, 0xa1, 0x28, 0xc1, 0x30, 0x21, 0x41, 0x82, 0x51, 0xe2, 0x69, 0x90, 0xfe, 0x63, 0x8a, 0x62, 0x51, 0x01, 0x41, 0xa1, 0x30, 0x81, 0x28, 0x81, 0x28, 0xa1, 0x28, 0xc2, 0x28, 0xe2, 0x28, 0xe2, 0x28, 0x03, 0x31, 0x03, 0x31, 0x03, 0x31, 0xe3, 0x28, 0xe3, 0x28, 0xc2, 0x20, 0xc2, 0x20, 0xa2, 0x20, 0xa2, 0x20, 0xa1, 0x18, 0xc2, 0x28, 0xe2, 0x30, 0x22, 0x41, 0x63, 0x51, 0x21, 0x9a, 0xe1, 0x89, 0x02, 0x39, 0xc1, 0x30, 0x81, 0x20, 0x81, 0x18, 0x61, 0x10, 0x61, 0x10, 0x41, 0x08, 0x41, 0x08, 0x61, 0x08, 0x61, 0x10, 0x81, 0x10, 0x81, 0x10, 0xe2, 0x20, 0x61, 0x10, 0x41, 0x08, 0x41, 0x10, 0x61, 0x10, 0x61, 0x10, 0x61, 0x10, 0x82, 0x18, 
  0x61, 0x38, 0x61, 0x38, 0x81, 0x38, 0x81, 0x38, 0x81, 0x38, 0xa1, 0x38, 0xa1, 0x38, 0x81, 0x38, 0x81, 0x38, 0x81, 0x30, 0x81, 0x30, 0xa1, 0x30, 0xa1, 0x30, 0xa2, 0x30, 0xc2, 0x38, 0xe2, 0x38, 0xe2, 0x38, 0xe2, 0x38, 0xc2, 0x30, 0xc2, 0x30, 0xc2, 0x30, 0xc2, 0x30, 0xc2, 0x30, 0x03, 0x39, 0xe2, 0x30, 0xe2, 0x38, 0xe2, 0x38, 0xc1, 0x30, 0xc1, 0x38, 0xe1, 0x40, 0x01, 0x49, 0x21, 0x51, 0x41, 0x59, 0x61, 0x69, 0x81, 0xaa, 0x21, 0x92, 0x41, 0x61, 0x20, 0x59, 0x01, 0x59, 0x00, 0x51, 0x61, 0x71, 0xa3, 0xd3, 0x29, 0xe5, 0xe6, 0xc3, 0xc3, 0xa2, 0x01, 0x8a, 0xa1, 0x71, 0xa1, 0x69, 0xc1, 0x79, 0x01, 0x92, 0xe1, 0xca, 0xe2, 0xeb, 0xe3, 0xfc, 0x64, 0xfd, 0xe3, 0xfc, 0xc3, 0xd3, 0x02, 0x82, 0x01, 0x82, 0xa2, 0x61, 0x21, 0x51, 0x01, 0x49, 0x01, 0x49, 0x61, 0x79, 0x41, 0xa2, 0x62, 0x59, 0x22, 0x41, 0x02, 0x39, 0xc2, 0x28, 0xe2, 0x28, 0xa2, 0x18, 0x82, 0x18, 0x81, 0x10, 0x61, 0x18, 0x41, 0x10, 0x40, 0x10, 0x41, 0x10, 0x82, 0x18, 0xc3, 0x20, 0xa2, 0x18, 0x82, 0x18, 0x82, 0x18, 0xa2, 0x18, 0xc3, 0x20, 0xc2, 0x20, 0xc2, 0x20, 0xa2, 0x20, 0xa1, 0x28, 0x61, 0x20, 0x61, 0x18, 0x61, 0x10, 0x81, 0x20, 0xa2, 0x28, 0xa1, 0x28, 0xc1, 0x30, 0xe1, 0x40, 0x01, 0x82, 0xa1, 0xaa, 0xa1, 0x79, 0x21, 0x59, 0x21, 0x51, 0x01, 0x49, 0x01, 0x41, 0xe1, 0x38, 0xa1, 0x30, 0x61, 0x20, 0x60, 0x20, 0x60, 0x20, 0x81, 0x28, 0xc1, 0x30, 0xe1, 0x38, 0x22, 0x41, 0xa3, 0x59, 0xa4, 0x8a, 0xd1, 0xfe, 0x43, 0x8a, 0x62, 0x51, 0x01, 0x41, 0xa1, 0x30, 0x81, 0x28, 0x80, 0x20, 0x81, 0x28, 0xc2, 0x28, 0xe2, 0x30, 0xe3, 0x30, 0x23, 0x39, 0x43, 0x39, 0x23, 0x31, 0x03, 0x31, 0x03, 0x31, 0x24, 0x31, 0x03, 0x29, 0xe3, 0x28, 0xc2, 0x20, 0xe2, 0x28, 0x02, 0x31, 0x22, 0x41, 0x62, 0x51, 0xa2, 0x69, 0x01, 0xcb, 0x21, 0x9a, 0x42, 0x41, 0xe2, 0x30, 0xc2, 0x28, 0xa2, 0x18, 0x81, 0x10, 0x61, 0x10, 0x41, 0x08, 0x41, 0x08, 0x61, 0x08, 0x61, 0x10, 0x81, 0x10, 0xa2, 0x18, 0x61, 0x10, 0x82, 0x18, 0x82, 0x18, 0x81, 0x18, 0xa2, 0x18, 0x82, 0x18, 0xa2, 0x20, 0xc2, 0x28, 
  0xa1, 0x40, 0x81, 0x38, 0x61, 0x38, 0x81, 0x38, 0xa1, 0x40, 0xa1, 0x40, 0xc1, 0x40, 0xc1, 0x40, 0xa1, 0x40, 0xa1, 0x38, 0xa1, 0x38, 0xa2, 0x38, 0xc2, 0x38, 0xc2, 0x38, 0xe2, 0x40, 0xe2, 0x40, 0x03, 0x41, 0x03, 0x41, 0x03, 0x39, 0xe3, 0x38, 0xe3, 0x38, 0xe2, 0x30, 0xe2, 0x30, 0xe2, 0x38, 0xc2, 0x30, 0xc2, 0x30, 0x22, 0x41, 0x02, 0x41, 0x02, 0x41, 0x22, 0x49, 0x41, 0x51, 0x61, 0x61, 0x81, 0x71, 0xc2, 0xaa, 0x03, 0xe4, 0x82, 0xd3, 0x21, 0x9a, 0x61, 0x79, 0x41, 0x69, 0x41, 0x61, 0x41, 0x61, 0xa1, 0x79, 0x64, 0xc3, 0xab, 0xf5, 0x6f, 0xfe, 0xab, 0xf5, 0x25, 0xdc, 0xe2, 0xba, 0xa2, 0xb2, 0x22, 0xd3, 0x22, 0xf4, 0xe3, 0xfc, 0x85, 0xfd, 0xa5, 0xfd, 0x64, 0xfd, 0x26, 0xf5, 0x62, 0x92, 0xe2, 0x79, 0xc1, 0x71, 0x61, 0x61, 0x41, 0x59, 0x41, 0x59, 0xc1, 0x81, 0x21, 0xcb, 0x01, 0x92, 0x42, 0x49, 0x43, 0x41, 0xe2, 0x28, 0xe2, 0x28, 0xa2, 0x18, 0x81, 0x18, 0x61, 0x10, 0x82, 0x20, 0x41, 0x10, 0x40, 0x08, 0x61, 0x10, 0x82, 0x18, 0x82, 0x10, 0x61, 0x10, 0x82, 0x18, 0xc2, 0x20, 0xe3, 0x20, 0x03, 0x29, 0x03, 0x31, 0xe2, 0x28, 0xc2, 0x28, 0x21, 0x59, 0x81, 0x28, 0x61, 0x18, 0xa1, 0x20, 0x61, 0x18, 0x61, 0x20, 0x80, 0x28, 0xc1, 0x38, 0x21, 0x51, 0x62, 0xbb, 0x42, 0xe4, 0x82, 0xcb, 0xa1, 0x79, 0x61, 0x69, 0x41, 0x69, 0x21, 0x59, 0xe1, 0x40, 0xc1, 0x30, 0x80, 0x28, 0x60, 0x20, 0x61, 0x28, 0x81, 0x28, 0xa1, 0x30, 0x22, 0x41, 0x62, 0x49, 0xe3, 0x61, 0x28, 0xb4, 0x8f, 0xfe, 0x43, 0x7a, 0x62, 0x51, 0x01, 0x41, 0xa1, 0x30, 0x81, 0x28, 0x60, 0x20, 0x81, 0x28, 0xc1, 0x28, 0xe2, 0x30, 0x03, 0x31, 0x43, 0x41, 0x64, 0x41, 0x44, 0x39, 0x44, 0x31, 0x44, 0x31, 0x24, 0x31, 0x04, 0x29, 0xe3, 0x28, 0x03, 0x29, 0x23, 0x31, 0x23, 0x39, 0x63, 0x51, 0xc3, 0x59, 0x82, 0xaa, 0xc2, 0xe3, 0x41, 0xa2, 0x63, 0x49, 0x02, 0x39, 0xe2, 0x28, 0xc2, 0x20, 0xa2, 0x18, 0x82, 0x18, 0x61, 0x10, 0x61, 0x10, 0x61, 0x10, 0x41, 0x10, 0x81, 0x10, 0xa2, 0x20, 0xc2, 0x20, 0xc2, 0x20, 0xa2, 0x20, 0xc2, 0x28, 0xc2, 0x28, 0xe2, 0x28, 0x03, 0x39, 0x23, 0x39, 
  0xa1, 0x48, 0x81, 0x48, 0x81, 0x40, 0xa1, 0x40, 0xc1, 0x50, 0xc1, 0x48, 0xc2, 0x48, 0xe2, 0x50, 0x02, 0x51, 0xc2, 0x48, 0xc1, 0x40, 0xc2, 0x40, 0xc2, 0x40, 0xe2, 0x40, 0x02, 0x49, 0x02, 0x49, 0x03, 0x49, 0x03, 0x49, 0x03, 0x41, 0x03, 0x41, 0xe3, 0x38, 0xc2, 0x38, 0xc2, 0x30, 0xa1, 0x30, 0xa1, 0x28, 0xa1, 0x30, 0x02, 0x41, 0x22, 0x49, 0x22, 0x49, 0x42, 0x59, 0x62, 0x61, 0xc1, 0x79, 0x63, 0xc3, 0x47, 0xf5, 0x46, 0xfd, 0x42, 0xf4, 0xc2, 0xeb, 0x22, 0xd3, 0xc1, 0xc2, 0x01, 0x9a, 0x81, 0x81, 0x61, 0x71, 0x81, 0x71, 0x82, 0xaa, 0xa6, 0xf4, 0x4d, 0xfe, 0xaf, 0xfe, 0xc9, 0xfd, 0x05, 0xfd, 0xc4, 0xfc, 0x04, 0xfd, 0x44, 0xfd, 0xa5, 0xfd, 0xa5, 0xfd, 0x84, 0xfd, 0xe8, 0xfd, 0x86, 0xdc, 0x82, 0x9a, 0xe1, 0x79, 0xc1, 0x81, 0x01, 0x9a, 0xc1, 0x89, 0xc2, 0xb2, 0xc2, 0xeb, 0x42, 0xdb, 0x82, 0x59, 0x42, 0x49, 0xe2, 0x30, 0xc2, 0x20, 0x81, 0x18, 0x61, 0x18, 0x61, 0x10, 0x41, 0x10, 0x41, 0x10, 0x41, 0x10, 0x61, 0x10, 0x61, 0x10, 0x41, 0x08, 0x21, 0x08, 0x61, 0x10, 0xc2, 0x20, 0xe3, 0x28, 0x03, 0x31, 0x23, 0x39, 0x23, 0x31, 0xe1, 0x38, 0xa0, 0x91, 0xa1, 0x30, 0x81, 0x28, 0x81, 0x20, 0x40, 0x18, 0xa1, 0x28, 0x81, 0x28, 0xc0, 0x38, 0x41, 0x59, 0xe2, 0xd3, 0x86, 0xfd, 0xc7, 0xfd, 0x44, 0xdc, 0x61, 0xb2, 0x01, 0xa2, 0x81, 0x81, 0x01, 0x49, 0xc1, 0x38, 0xc1, 0x30, 0x80, 0x28, 0x80, 0x28, 0xa1, 0x30, 0xe1, 0x38, 0x22, 0x41, 0x83, 0x51, 0x03, 0x6a, 0xac, 0xe5, 0xeb, 0xfd, 0x23, 0x72, 0x82, 0x51, 0x01, 0x41, 0xa1, 0x30, 0x81, 0x28, 0x81, 0x20, 0xa1, 0x28, 0xc2, 0x30, 0x23, 0x39, 0x43, 0x41, 0xa3, 0x61, 0x64, 0x41, 0x64, 0x39, 0x44, 0x39, 0x24, 0x31, 0x03, 0x29, 0x03, 0x29, 0x24, 0x31, 0x24, 0x31, 0x44, 0x39, 0x64, 0x41, 0xa3, 0x59, 0x03, 0x72, 0xc2, 0xeb, 0x24, 0xf4, 0x81, 0xb2, 0x83, 0x51, 0x43, 0x41, 0xe2, 0x28, 0xc2, 0x28, 0xa2, 0x20, 0xa2, 0x18, 0xc2, 0x20, 0xa2, 0x18, 0xa2, 0x18, 0xa2, 0x20, 0xc2, 0x20, 0xe3, 0x28, 0x03, 0x31, 0x84, 0x49, 0x02, 0x39, 0x23, 0x39, 0x23, 0x41, 0x43, 0x49, 0x64, 0x51, 0x84, 0x59, 
  0xa1, 0x50, 0xa1, 0x50, 0xa1, 0x50, 0xa1, 0x50, 0xc1, 0x50, 0xc1, 0x48, 0xe2, 0x48, 0xe2, 0x50, 0x02, 0x51, 0xe2, 0x48, 0xe2, 0x48, 0xe2, 0x48, 0xe2, 0x48, 0x02, 0x49, 0x22, 0x51, 0x02, 0x51, 0x02, 0x51, 0x02, 0x49, 0x02, 0x49, 0x02, 0x41, 0xe2, 0x38, 0xe2, 0x38, 0xc2, 0x30, 0xa1, 0x30, 0xa1, 0x30, 0xa1, 0x30, 0x22, 0x41, 0x22, 0x49, 0x22, 0x51, 0x82, 0x61, 0xc1, 0x81, 0x04, 0xd4, 0x88, 0xfd, 0xc9, 0xfd, 0x46, 0xfd, 0xc2, 0xeb, 0x21, 0xdb, 0x01, 0xd3, 0x42, 0xdb, 0xe1, 0xca, 0x41, 0xba, 0x01, 0xaa, 0xc1, 0x91, 0xa1, 0x79, 0x82, 0xb2, 0xa4, 0xfc, 0x2b, 0xfe, 0xaf, 0xfe, 0x6c, 0xfe, 0x09, 0xfe, 0xc7, 0xfd, 0xc6, 0xfd, 0xc6, 0xfd, 0xa5, 0xfd, 0x63, 0xfd, 0xe7, 0xfd, 0x6b, 0xfe, 0x88, 0xf5, 0x64, 0xdc, 0x43, 0xe4, 0xc1, 0xe3, 0x61, 0xaa, 0x41, 0xa2, 0xa2, 0xe3, 0x23, 0xf4, 0x22, 0x92, 0x42, 0x41, 0x02, 0x31, 0xc1, 0x28, 0x81, 0x18, 0xa2, 0x18, 0x61, 0x10, 0x61, 0x10, 0x61, 0x10, 0x41, 0x10, 0x62, 0x10, 0x41, 0x08, 0x20, 0x08, 0x20, 0x08, 0x40, 0x08, 0x81, 0x18, 0xe2, 0x28, 0x23, 0x31, 0x64, 0x41, 0x63, 0x49, 0xa1, 0x81, 0x81, 0xca, 0xc1, 0x38, 0xc1, 0x30, 0x80, 0x20, 0x40, 0x10, 0x40, 0x18, 0x80, 0x28, 0xc1, 0x38, 0x21, 0x59, 0x62, 0xd3, 0xa6, 0xfd, 0xe9, 0xfd, 0x09, 0xfe, 0x83, 0xf4, 0x21, 0xdb, 0xe1, 0x91, 0x41, 0x59, 0xe1, 0x40, 0xe1, 0x40, 0xc1, 0x30, 0xa1, 0x28, 0xa1, 0x30, 0x01, 0x39, 0x42, 0x49, 0xc3, 0x59, 0x05, 0x9b, 0x8f, 0xfe, 0x69, 0xf5, 0x44, 0x72, 0xa2, 0x59, 0x01, 0x41, 0xa1, 0x30, 0x81, 0x28, 0xa1, 0x28, 0xc1, 0x28, 0x02, 0x39, 0x43, 0x41, 0x62, 0x59, 0x23, 0x8a, 0x63, 0x49, 0x64, 0x39, 0x44, 0x39, 0x44, 0x39, 0x24, 0x31, 0x03, 0x29, 0x24, 0x29, 0x23, 0x31, 0x44, 0x39, 0x63, 0x49, 0xc4, 0x59, 0xa3, 0xaa, 0x84, 0xfc, 0x44, 0xf4, 0xa2, 0xb2, 0xa4, 0x59, 0x63, 0x41, 0x23, 0x39, 0x23, 0x31, 0x03, 0x31, 0x03, 0x31, 0x03, 0x31, 0x04, 0x31, 0x24, 0x31, 0x44, 0x31, 0x24, 0x39, 0x44, 0x39, 0x44, 0x41, 0xa4, 0x51, 0xa4, 0x51, 0x84, 0x59, 0xa4, 0x59, 0xe5, 0x69, 0x05, 0x6a, 0xe5, 0x69, 
  0xa1, 0x70, 0xc1, 0x60, 0xe1, 0x60, 0xe1, 0x60, 0xe1, 0x58, 0xe2, 0x58, 0x02, 0x59, 0x02, 0x51, 0x03, 0x51, 0x02, 0x51, 0x02, 0x51, 0x02, 0x51, 0x22, 0x59, 0x22, 0x59, 0x22, 0x59, 0x22, 0x69, 0x22, 0x61, 0x22, 0x51, 0x02, 0x49, 0x02, 0x49, 0x02, 0x41, 0xe2, 0x38, 0xc2, 0x38, 0xc2, 0x38, 0xc1, 0x30, 0xc1, 0x38, 0x02, 0x41, 0x02, 0x49, 0x42, 0x59, 0x62, 0x61, 0xa4, 0xbb, 0x88, 0xfd, 0x05, 0xfd, 0xc4, 0xfc, 0x83, 0xfc, 0xe1, 0xd2, 0xa1, 0xc2, 0xe1, 0xa1, 0xe1, 0x99, 0xe2, 0xca, 0x01, 0xaa, 0x81, 0xc2, 0xe1, 0xca, 0xa1, 0x79, 0xe2, 0x89, 0xa2, 0xeb, 0x45, 0xfd, 0x6c, 0xfe, 0xd0, 0xfe, 0xcf, 0xfe, 0x8c, 0xfe, 0x4a, 0xfe, 0x08, 0xfe, 0xc6, 0xfd, 0x63, 0xfd, 0x84, 0xfd, 0x08, 0xfe, 0x4a, 0xfe, 0x29, 0xfe, 0x85, 0xfd, 0xc1, 0xe3, 0x81, 0xb2, 0x01, 0x92, 0xc2, 0xeb, 0x84, 0xfc, 0x42, 0xdb, 0x42, 0x49, 0xe2, 0x30, 0xe2, 0x28, 0x81, 0x20, 0x81, 0x18, 0x61, 0x10, 0x81, 0x18, 0x81, 0x18, 0x82, 0x18, 0xa2, 0x18, 0x41, 0x10, 0x21, 0x08, 0x20, 0x08, 0x20, 0x10, 0x40, 0x10, 0xa1, 0x28, 0x23, 0x39, 0x63, 0x49, 0xa2, 0x69, 0x01, 0xdb, 0x61, 0xfb, 0x42, 0x51, 0xe1, 0x38, 0xa1, 0x28, 0x81, 0x20, 0x40, 0x20, 0x60, 0x28, 0xe1, 0x40, 0x20, 0x59, 0x01, 0xa2, 0xc3, 0xfc, 0x03, 0xfd, 0x04, 0xfd, 0x23, 0xfd, 0x62, 0xfc, 0x22, 0x92, 0x81, 0x69, 0x21, 0x49, 0xc1, 0x38, 0xc1, 0x30, 0xc1, 0x30, 0xc1, 0x30, 0x01, 0x39, 0x62, 0x49, 0xe3, 0x61, 0xe9, 0xdc, 0x6d, 0xfe, 0xe6, 0xf4, 0x64, 0x82, 0xc2, 0x61, 0x21, 0x49, 0xc1, 0x38, 0xa1, 0x30, 0xe2, 0x30, 0x02, 0x39, 0x43, 0x41, 0x63, 0x49, 0xa2, 0x69, 0x23, 0xbb, 0x83, 0x51, 0x63, 0x39, 0x64, 0x41, 0x44, 0x31, 0x24, 0x31, 0x03, 0x29, 0x03, 0x29, 0x23, 0x39, 0x43, 0x39, 0xa4, 0x49, 0x04, 0x6a, 0xc2, 0xeb, 0xe6, 0xfc, 0x85, 0xf4, 0xc3, 0xaa, 0xe5, 0x59, 0xa4, 0x51, 0x64, 0x41, 0x64, 0x39, 0x44, 0x39, 0x44, 0x39, 0x44, 0x41, 0x64, 0x41, 0x64, 0x41, 0x64, 0x41, 0x64, 0x49, 0x84, 0x51, 0xa4, 0x59, 0xe5, 0x69, 0x05, 0x6a, 0x26, 0x7a, 0x45, 0x82, 0x65, 0x92, 0x64, 0xa2, 0x05, 0xc3, 
  0x01, 0x99, 0x21, 0x99, 0xe1, 0x70, 0x02, 0x69, 0x02, 0x69, 0x02, 0x61, 0x02, 0x61, 0x02, 0x59, 0x22, 0x59, 0x22, 0x59, 0x23, 0x59, 0x03, 0x59, 0x22, 0x59, 0x22, 0x61, 0x22, 0x61, 0x21, 0x71, 0x62, 0x81, 0x22, 0x61, 0x22, 0x59, 0x22, 0x51, 0x02, 0x49, 0xe2, 0x40, 0xc1, 0x38, 0x23, 0x41, 0xc1, 0x38, 0xc1, 0x38, 0x02, 0x41, 0x21, 0x51, 0x42, 0x59, 0x81, 0x69, 0x08, 0xc4, 0x68, 0xfd, 0xc2, 0xeb, 0x81, 0xeb, 0x81, 0xeb, 0x21, 0xb2, 0xc0, 0x91, 0x81, 0x79, 0x81, 0x71, 0x22, 0xc3, 0x41, 0xaa, 0x41, 0xb2, 0x42, 0xd3, 0xa1, 0x79, 0xc1, 0x81, 0xe2, 0xc2, 0x04, 0xfd, 0x08, 0xfe, 0xad, 0xfe, 0xf1, 0xfe, 0x11, 0xff, 0xef, 0xfe, 0x8c, 0xfe, 0x08, 0xfe, 0x84, 0xfd, 0x22, 0xfd, 0x43, 0xfd, 0x63, 0xfd, 0x43, 0xfd, 0x82, 0xfc, 0x81, 0xe3, 0xa1, 0xb2, 0xc1, 0x79, 0xe3, 0xe3, 0xc7, 0xfc, 0x22, 0xfc, 0x02, 0x82, 0x42, 0x41, 0x22, 0x39, 0xe2, 0x38, 0xc1, 0x28, 0x81, 0x18, 0xa1, 0x20, 0xa2, 0x20, 0x64, 0x39, 0x23, 0x31, 0x81, 0x20, 0x41, 0x10, 0x20, 0x08, 0x20, 0x10, 0x40, 0x18, 0x81, 0x28, 0x02, 0x39, 0x63, 0x51, 0x42, 0x92, 0xe0, 0xfb, 0xe0, 0xfb, 0x21, 0x51, 0xa1, 0x28, 0xa1, 0x28, 0x61, 0x20, 0x61, 0x20, 0x80, 0x28, 0xc0, 0x40, 0x20, 0x51, 0x41, 0x71, 0x81, 0xeb, 0x01, 0xf4, 0x21, 0xf4, 0x43, 0xfd, 0xc4, 0xf4, 0x22, 0x82, 0x82, 0x61, 0x42, 0x51, 0x22, 0x41, 0x02, 0x39, 0x02, 0x39, 0x02, 0x41, 0x62, 0x51, 0xa3, 0x59, 0xa4, 0x8a, 0x2d, 0xfe, 0x2b, 0xfe, 0xc5, 0xf4, 0x84, 0x8a, 0xe2, 0x69, 0x62, 0x51, 0x01, 0x41, 0x02, 0x41, 0x02, 0x41, 0x23, 0x41, 0x63, 0x49, 0x63, 0x49, 0x02, 0x7a, 0xe4, 0xdb, 0xc3, 0x61, 0x63, 0x39, 0x44, 0x39, 0x44, 0x39, 0x24, 0x31, 0x03, 0x29, 0x03, 0x29, 0x64, 0x41, 0x84, 0x49, 0xe5, 0x59, 0xe4, 0xa2, 0xe5, 0xfc, 0x49, 0xfd, 0xe8, 0xf4, 0xa5, 0x8a, 0x26, 0x62, 0xe5, 0x59, 0xc5, 0x51, 0x85, 0x41, 0x84, 0x41, 0xa4, 0x51, 0x84, 0x51, 0x84, 0x61, 0x84, 0x59, 0xa5, 0x59, 0x84, 0x51, 0xc4, 0x61, 0x25, 0x7a, 0x24, 0x92, 0x44, 0xaa, 0xc4, 0xca, 0x45, 0xe3, 0x07, 0xf4, 0x0c, 0xfd, 0x12, 0xfe, 
  0x61, 0xb9, 0xc1, 0xc9, 0x41, 0xa1, 0x02, 0x71, 0x22, 0x71, 0x22, 0x69, 0x22, 0x69, 0x22, 0x61, 0x22, 0x61, 0x22, 0x61, 0x43, 0x61, 0x22, 0x61, 0x22, 0x61, 0x63, 0x69, 0x62, 0x69, 0x61, 0x89, 0xa1, 0x99, 0x42, 0x69, 0x42, 0x61, 0x22, 0x51, 0x02, 0x49, 0xe2, 0x40, 0xe2, 0x40, 0xe1, 0x40, 0xe1, 0x38, 0xe1, 0x40, 0x02, 0x49, 0x21, 0x51, 0x62, 0x61, 0xa2, 0x69, 0x67, 0xab, 0x48, 0xf5, 0x41, 0xe3, 0x41, 0xeb, 0x21, 0xe3, 0xc1, 0xa1, 0x81, 0x79, 0x61, 0x71, 0x60, 0x71, 0x02, 0xc3, 0x82, 0xba, 0x61, 0xba, 0x22, 0xd3, 0x81, 0x71, 0xe1, 0x91, 0x82, 0xba, 0xe4, 0xfc, 0xe8, 0xfd, 0x4a, 0xfe, 0xcf, 0xfe, 0x11, 0xff, 0x11, 0xff, 0xcf, 0xfe, 0x4a, 0xfe, 0x84, 0xfd, 0xe2, 0xfc, 0xa1, 0xfc, 0xa1, 0xfc, 0x81, 0xfc, 0xe1, 0xf3, 0xa1, 0xeb, 0xa1, 0xb2, 0xa1, 0x71, 0xc4, 0xd3, 0x09, 0xf5, 0xc5, 0xfc, 0x43, 0xc3, 0x42, 0x41, 0x23, 0x41, 0x43, 0x49, 0x83, 0x59, 0xc2, 0x28, 0xc2, 0x28, 0x03, 0x31, 0xa4, 0x51, 0x63, 0x41, 0x81, 0x20, 0x61, 0x20, 0x20, 0x10, 0x20, 0x18, 0x40, 0x20, 0x60, 0x30, 0xe1, 0x40, 0x42, 0x51, 0xc1, 0xba, 0x41, 0xfc, 0x21, 0xfc, 0x41, 0x51, 0xc1, 0x30, 0xa0, 0x20, 0x61, 0x18, 0x60, 0x20, 0x80, 0x30, 0xe1, 0x48, 0x20, 0x59, 0x21, 0x71, 0xe1, 0xda, 0x81, 0xeb, 0x22, 0xf4, 0x63, 0xfd, 0xa4, 0xe4, 0xe2, 0x79, 0xa2, 0x61, 0x62, 0x59, 0x63, 0x49, 0x43, 0x49, 0x43, 0x49, 0x63, 0x49, 0x82, 0x59, 0xe3, 0x69, 0x07, 0xbc, 0x2b, 0xfe, 0x2b, 0xfe, 0xe5, 0xf4, 0xc4, 0x92, 0x23, 0x72, 0x82, 0x59, 0x42, 0x51, 0x42, 0x49, 0x02, 0x41, 0x43, 0x49, 0x83, 0x51, 0x83, 0x51, 0x63, 0x92, 0x85, 0xec, 0x23, 0x7a, 0x64, 0x41, 0x64, 0x39, 0x44, 0x31, 0x24, 0x31, 0x24, 0x31, 0x23, 0x31, 0x43, 0x39, 0xa4, 0x49, 0x25, 0x62, 0xc4, 0xcb, 0x67, 0xfd, 0x0e, 0xfe, 0xe9, 0xec, 0x66, 0x72, 0x06, 0x62, 0xe6, 0x59, 0xe5, 0x51, 0xc5, 0x49, 0xa5, 0x49, 0xe5, 0x61, 0xc3, 0x69, 0xc3, 0x81, 0xa3, 0x71, 0xa4, 0x61, 0xc4, 0x61, 0xe4, 0x71, 0x03, 0x92, 0x82, 0xd2, 0x03, 0xf3, 0x47, 0xfc, 0x2b, 0xfd, 0xf0, 0xfd, 0x73, 0xfe, 0x74, 0xfe, 
  0x62, 0xd2, 0x61, 0xfb, 0xc1, 0xea, 0x41, 0x99, 0x62, 0x79, 0x62, 0x79, 0x62, 0x71, 0x43, 0x69, 0x22, 0x61, 0x22, 0x61, 0x22, 0x69, 0x22, 0x69, 0x62, 0x69, 0x82, 0x71, 0x83, 0x79, 0x02, 0xba, 0x41, 0xb2, 0x82, 0x71, 0x82, 0x71, 0x42, 0x61, 0x22, 0x51, 0x02, 0x49, 0xe2, 0x48, 0xe1, 0x40, 0xe2, 0x40, 0xe1, 0x48, 0x02, 0x51, 0x42, 0x59, 0x62, 0x69, 0xa1, 0x79, 0x26, 0xa3, 0x49, 0xf5, 0xc2, 0xf3, 0x81, 0xeb, 0x21, 0xe3, 0xe1, 0xa9, 0x60, 0x79, 0x61, 0x71, 0x61, 0x71, 0x22, 0xc3, 0xc2, 0xc2, 0xc1, 0xc2, 0x41, 0xb2, 0x61, 0x71, 0xc1, 0x89, 0x01, 0x9a, 0xc3, 0xfc, 0x09, 0xfe, 0x29, 0xfe, 0x6a, 0xfe, 0xce, 0xfe, 0xf0, 0xfe, 0xce, 0xfe, 0x49, 0xfe, 0x84, 0xfd, 0xa1, 0xfc, 0x21, 0xfc, 0x20, 0xfc, 0x20, 0xfc, 0xa1, 0xf3, 0xe1, 0xf3, 0x81, 0xb2, 0xc3, 0x71, 0x24, 0xb3, 0xce, 0xed, 0x89, 0xfd, 0xc5, 0xfc, 0x83, 0x59, 0x22, 0x39, 0x22, 0x39, 0x03, 0x7a, 0x63, 0x51, 0x63, 0x49, 0xa4, 0x49, 0x64, 0x41, 0x43, 0x41, 0xc1, 0x28, 0x61, 0x18, 0x40, 0x20, 0x60, 0x20, 0x80, 0x30, 0xc1, 0x50, 0xe1, 0x58, 0x62, 0x61, 0x81, 0xdb, 0xa2, 0xfc, 0x61, 0xfc, 0xa2, 0x61, 0x01, 0x41, 0xc2, 0x30, 0xa1, 0x20, 0x81, 0x20, 0xa1, 0x30, 0xc0, 0x40, 0x00, 0x59, 0x61, 0x99, 0xc1, 0xe2, 0x61, 0xeb, 0x03, 0xfd, 0xa5, 0xfd, 0x64, 0xdc, 0xc1, 0x71, 0xa2, 0x61, 0x83, 0x59, 0x83, 0x51, 0x63, 0x51, 0x83, 0x59, 0xa3, 0x61, 0x04, 0x6a, 0x23, 0x72, 0xab, 0xf5, 0xeb, 0xfd, 0xca, 0xfd, 0x06, 0xfd, 0x83, 0x92, 0x63, 0x82, 0xc2, 0x61, 0xc3, 0x61, 0x22, 0x51, 0x22, 0x51, 0x62, 0x51, 0xa3, 0x59, 0x83, 0x51, 0x44, 0xb3, 0x68, 0xfd, 0x25, 0xa3, 0xa4, 0x49, 0xc5, 0x49, 0x64, 0x39, 0x44, 0x39, 0x24, 0x31, 0x44, 0x31, 0x64, 0x39, 0xc5, 0x49, 0x66, 0x6a, 0xe5, 0xf4, 0xeb, 0xfd, 0xb6, 0xf6, 0x49, 0xcc, 0x66, 0x6a, 0x26, 0x6a, 0xe6, 0x51, 0x06, 0x6a, 0xe6, 0x59, 0xe5, 0x59, 0xe4, 0x71, 0xe2, 0x89, 0x21, 0xb2, 0x02, 0xa2, 0xe4, 0x71, 0x44, 0x82, 0x03, 0xa2, 0xc2, 0xea, 0xe5, 0xfb, 0xa9, 0xfc, 0x8d, 0xfd, 0x10, 0xfe, 0x32, 0xfe, 0x74, 0xfe, 0xcb, 0xfc, 
  0x44, 0xcb, 0x26, 0xfd, 0xc4, 0xfc, 0xc2, 0xe2, 0x62, 0x89, 0xa2, 0x89, 0x62, 0x81, 0x63, 0x71, 0x43, 0x69, 0x23, 0x69, 0x22, 0x79, 0x22, 0x69, 0x63, 0x79, 0xa3, 0x81, 0xc2, 0x91, 0x02, 0xe3, 0xe2, 0xd2, 0xc3, 0x81, 0x82, 0x79, 0x62, 0x69, 0x22, 0x61, 0x22, 0x59, 0xe1, 0x50, 0xe1, 0x50, 0x63, 0x59, 0x02, 0x51, 0xa3, 0x71, 0x82, 0x71, 0x82, 0x69, 0xa2, 0x79, 0x89, 0xb3, 0xe8, 0xf4, 0xc2, 0xeb, 0x81, 0xeb, 0x20, 0xdb, 0x61, 0xba, 0x60, 0x79, 0x40, 0x69, 0x81, 0x79, 0x62, 0xd3, 0xa2, 0xc2, 0x01, 0xcb, 0x81, 0x79, 0x40, 0x61, 0x81, 0x71, 0xa1, 0x81, 0x43, 0xf4, 0x2a, 0xfe, 0x6b, 0xfe, 0x08, 0xfe, 0x08, 0xfe, 0x4a, 0xfe, 0x4a, 0xfe, 0xe7, 0xfd, 0x43, 0xfd, 0x81, 0xfc, 0xe0, 0xfb, 0xe0, 0xfb, 0xe0, 0xfb, 0xc0, 0xf3, 0x01, 0xf4, 0x41, 0xa2, 0xa2, 0x69, 0x63, 0x92, 0xf2, 0xe5, 0x51, 0xfe, 0x87, 0xfd, 0x23, 0x82, 0x63, 0x49, 0x43, 0x49, 0xa3, 0x61, 0xe3, 0xba, 0xe4, 0x61, 0xc4, 0x59, 0x63, 0x51, 0x22, 0x41, 0x22, 0x39, 0xc1, 0x30, 0xa1, 0x30, 0xa1, 0x30, 0xc0, 0x38, 0x21, 0x79, 0x61, 0x89, 0xa1, 0x81, 0x22, 0xec, 0xe5, 0xfc, 0xc2, 0xfc, 0x03, 0x7a, 0x62, 0x49, 0x02, 0x39, 0xc2, 0x30, 0x01, 0x39, 0xc1, 0x38, 0x01, 0x49, 0x41, 0x59, 0x01, 0xb2, 0xe1, 0xe2, 0x61, 0xeb, 0x85, 0xfd, 0xc6, 0xfd, 0x65, 0xd4, 0xa1, 0x71, 0xa2, 0x69, 0xa3, 0x61, 0xa3, 0x59, 0xc4, 0x59, 0xc4, 0x61, 0xe4, 0x71, 0x04, 0x7a, 0xc4, 0x9a, 0x2c, 0xfe, 0xea, 0xfd, 0xea, 0xfd, 0x46, 0xfd, 0xa3, 0x92, 0x63, 0x8a, 0xe3, 0x69, 0xa2, 0x61, 0x62, 0x51, 0x62, 0x71, 0x62, 0x61, 0xc3, 0x59, 0xe3, 0x69, 0xc8, 0xe4, 0x2d, 0xfe, 0x47, 0xcc, 0x05, 0x5a, 0xc5, 0x49, 0xa5, 0x41, 0x64, 0x39, 0x44, 0x39, 0x44, 0x39, 0xa5, 0x41, 0x26, 0x62, 0xe6, 0x8a, 0x87, 0xfd, 0x71, 0xfe, 0xd8, 0xee, 0xc9, 0xb3, 0x66, 0x72, 0x06, 0x6a, 0xe5, 0x51, 0xc5, 0x59, 0xc5, 0x59, 0x05, 0x72, 0x23, 0x8a, 0x41, 0xaa, 0x80, 0xd2, 0x61, 0xd2, 0x04, 0x82, 0x23, 0x92, 0x81, 0xe2, 0xe4, 0xfb, 0xc9, 0xfc, 0x4b, 0xfd, 0xce, 0xfd, 0xf0, 0xfd, 0x53, 0xfe, 0x6e, 0xfd, 0x07, 0xcb, 
  0xc6, 0xaa, 0x4e, 0xfe, 0xaa, 0xfd, 0xa4, 0xfc, 0xe2, 0xb9, 0xa3, 0x89, 0x83, 0x89, 0x63, 0x79, 0x42, 0x71, 0x62, 0x79, 0x42, 0x89, 0x42, 0x69, 0xa3, 0x79, 0xc3, 0x89, 0x42, 0xb2, 0x23, 0xfc, 0xc3, 0xe3, 0x23, 0x9a, 0xc3, 0x79, 0x82, 0x71, 0x42, 0x61, 0x22, 0x69, 0x01, 0x61, 0x02, 0x59, 0x01, 0x51, 0x21, 0x59, 0x62, 0x61, 0x61, 0x69, 0x81, 0x71, 0xc2, 0x81, 0x4c, 0xe5, 0xe4, 0xeb, 0xe3, 0xeb, 0x61, 0xeb, 0x61, 0xe3, 0x62, 0xa2, 0x60, 0x71, 0x60, 0x69, 0x21, 0x92, 0xc2, 0xdb, 0x82, 0xb2, 0xa1, 0xc2, 0x21, 0x69, 0x20, 0x61, 0x61, 0x61, 0x81, 0x71, 0x82, 0xd3, 0x2a, 0xfe, 0xae, 0xfe, 0x08, 0xfe, 0xa5, 0xfd, 0x85, 0xfd, 0xa5, 0xfd, 0x84, 0xfd, 0x02, 0xfd, 0x41, 0xfc, 0xc0, 0xfb, 0xc0, 0xfb, 0xc0, 0xfb, 0x01, 0xfc, 0xe1, 0xeb, 0xe1, 0x99, 0xe3, 0x71, 0xc2, 0x79, 0xd1, 0xe5, 0xb6, 0xf6, 0xa9, 0xfd, 0x22, 0xab, 0xa3, 0x61, 0xc4, 0x59, 0x83, 0x61, 0x62, 0xba, 0x03, 0xc3, 0xe3, 0x81, 0x82, 0x61, 0x83, 0x59, 0x83, 0x51, 0x42, 0x51, 0x01, 0x41, 0x01, 0x41, 0x41, 0x51, 0xe1, 0x91, 0xa1, 0xca, 0x81, 0xca, 0x03, 0xf4, 0x25, 0xfd, 0xc3, 0xfc, 0xa3, 0xa2, 0xc3, 0x59, 0x43, 0x41, 0x02, 0x39, 0x02, 0x39, 0x02, 0x41, 0x41, 0x51, 0x81, 0x69, 0xe1, 0xa9, 0x41, 0xf3, 0xa1, 0xeb, 0xe8, 0xfd, 0x07, 0xfe, 0xaa, 0xed, 0x23, 0x82, 0xa1, 0x61, 0x82, 0x61, 0x83, 0x59, 0xc4, 0x61, 0xa4, 0x59, 0xe4, 0x71, 0x24, 0x7a, 0xe4, 0xaa, 0x2d, 0xfe, 0xca, 0xfd, 0xea, 0xfd, 0x67, 0xfd, 0x82, 0xcb, 0x02, 0xb3, 0x22, 0x82, 0xa2, 0x61, 0x61, 0x51, 0x61, 0x69, 0xa2, 0x81, 0xe4, 0x69, 0x03, 0xab, 0x4d, 0xfe, 0xb0, 0xfe, 0xab, 0xf5, 0x85, 0x7a, 0x06, 0x52, 0xa5, 0x41, 0x85, 0x39, 0x64, 0x39, 0x64, 0x41, 0x26, 0x5a, 0x87, 0x72, 0x65, 0xab, 0xea, 0xfd, 0xf5, 0xfe, 0xd7, 0xee, 0x66, 0xbb, 0x46, 0x62, 0x26, 0x62, 0xe5, 0x51, 0xe5, 0x61, 0xe5, 0x59, 0x24, 0x8a, 0x82, 0xaa, 0xc1, 0xd2, 0x21, 0xf3, 0x01, 0xf3, 0x43, 0x92, 0x42, 0xba, 0x63, 0xfb, 0xa8, 0xfc, 0x2b, 0xfd, 0x6c, 0xfd, 0xae, 0xfd, 0x11, 0xfe, 0xf1, 0xfd, 0x05, 0xeb, 0x85, 0xc2, 
  0xa3, 0x89, 0xb2, 0xfe, 0x2d, 0xfe, 0x68, 0xfd, 0x43, 0xeb, 0xa3, 0x91, 0xc3, 0x89, 0xa3, 0x81, 0x83, 0x81, 0x82, 0x91, 0x62, 0x89, 0x62, 0x79, 0xc3, 0x89, 0xe3, 0x91, 0x03, 0xd3, 0x06, 0xfd, 0xc7, 0xf4, 0xa4, 0xaa, 0xe3, 0x89, 0xa3, 0x79, 0x62, 0x71, 0x62, 0x81, 0x41, 0x79, 0x22, 0x69, 0x22, 0x59, 0x41, 0x61, 0x41, 0x61, 0x61, 0x71, 0xa1, 0x79, 0xc6, 0xc3, 0x69, 0xf5, 0xe1, 0xda, 0x23, 0xf4, 0x60, 0xeb, 0xa2, 0xe3, 0xc1, 0x89, 0x61, 0x71, 0x61, 0x71, 0x42, 0xc3, 0xa2, 0xe3, 0x61, 0xba, 0x41, 0xaa, 0x41, 0x69, 0x21, 0x61, 0x21, 0x61, 0x81, 0x71, 0xa2, 0xb2, 0x29, 0xfe, 0xf0, 0xfe, 0x4a, 0xfe, 0x44, 0xfd, 0x23, 0xfd, 0x02, 0xfd, 0xe2, 0xfc, 0xa1, 0xfc, 0x20, 0xfc, 0xc0, 0xfb, 0xa0, 0xfb, 0xa0, 0xfb, 0x81, 0xfc, 0xc1, 0xe3, 0xc1, 0x89, 0xa1, 0x69, 0xe2, 0x91, 0x8f, 0xe5, 0xb7, 0xee, 0x0c, 0xfe, 0x25, 0xdc, 0xc3, 0x61, 0xc3, 0x61, 0x83, 0x92, 0x42, 0xe3, 0x05, 0xcb, 0xcb, 0xe4, 0xa8, 0xf4, 0xc4, 0xdb, 0xe2, 0xba, 0x02, 0x92, 0x81, 0x69, 0x61, 0x59, 0xc2, 0x71, 0xa2, 0xaa, 0xa2, 0xf4, 0x81, 0xfc, 0x02, 0xfc, 0x06, 0xfd, 0xe4, 0xfc, 0x02, 0xbb, 0x62, 0x51, 0x42, 0x49, 0xa3, 0x61, 0x42, 0x49, 0x42, 0x49, 0x61, 0x59, 0x81, 0x71, 0x81, 0xc2, 0x01, 0xfc, 0xc2, 0xeb, 0x4a, 0xfe, 0x08, 0xfe, 0xe9, 0xfd, 0x88, 0xcc, 0xa1, 0x71, 0xa2, 0x61, 0xa3, 0x61, 0xa3, 0x59, 0xa3, 0x61, 0xa2, 0x79, 0xa3, 0x81, 0x83, 0xaa, 0xed, 0xfd, 0xa9, 0xfd, 0x0b, 0xfe, 0xc9, 0xfd, 0x25, 0xfd, 0x82, 0xfc, 0xa1, 0xdb, 0xe1, 0x79, 0x62, 0x59, 0x81, 0x69, 0x22, 0xa2, 0xc2, 0xb2, 0x49, 0xf5, 0xd2, 0xfe, 0xf2, 0xfe, 0xf2, 0xfe, 0xc7, 0xb3, 0xe6, 0x51, 0xa5, 0x41, 0x84, 0x39, 0x64, 0x39, 0x84, 0x41, 0xe5, 0x51, 0x46, 0x62, 0x45, 0xd4, 0x6d, 0xfe, 0x38, 0xff, 0x96, 0xee, 0x43, 0xcb, 0x66, 0x7a, 0x26, 0x6a, 0x05, 0x62, 0x05, 0x6a, 0x04, 0x72, 0x63, 0xa2, 0x02, 0xcb, 0x62, 0xeb, 0xc3, 0xfb, 0xa3, 0xfb, 0x63, 0xa2, 0xc2, 0xda, 0x66, 0xfc, 0x4b, 0xfd, 0x6c, 0xfd, 0x8c, 0xfd, 0xae, 0xfd, 0x31, 0xfe, 0x4d, 0xfd, 0xc3, 0xfa, 0xa6, 0xba, 
  0x63, 0x81, 0xcb, 0xdc, 0xd3, 0xfe, 0xaa, 0xfd, 0xc6, 0xfc, 0xe2, 0xa9, 0xc3, 0x91, 0xc3, 0x89, 0xa3, 0x81, 0xc2, 0xa1, 0x62, 0x89, 0x83, 0x81, 0xc3, 0x91, 0x03, 0xa2, 0xe4, 0xeb, 0xca, 0xfd, 0xcc, 0xfd, 0x86, 0xc3, 0x04, 0x92, 0xe3, 0x89, 0xa2, 0x81, 0xe2, 0xa1, 0xc2, 0xa9, 0xa3, 0x79, 0x42, 0x69, 0x62, 0x69, 0x82, 0x71, 0x81, 0x79, 0x43, 0xcb, 0x88, 0xfd, 0x62, 0xe3, 0xa1, 0xda, 0x02, 0xf4, 0xc1, 0xf3, 0x22, 0xc3, 0x81, 0x79, 0x60, 0x71, 0x21, 0x9a, 0xe2, 0xe3, 0xe2, 0xe3, 0x80, 0xba, 0xa1, 0x89, 0x41, 0x61, 0x21, 0x59, 0x41, 0x61, 0x81, 0x71, 0xe1, 0x91, 0xe9, 0xfd, 0xf1, 0xfe, 0x6b, 0xfe, 0x23, 0xfd, 0xe2, 0xfc, 0xc2, 0xfc, 0x81, 0xfc, 0x81, 0xfc, 0x20, 0xfc, 0xe1, 0xfb, 0xa1, 0xfb, 0xe1, 0xfb, 0xe2, 0xfc, 0xe1, 0xeb, 0xe1, 0x99, 0xc2, 0x79, 0x41, 0xa2, 0x2c, 0xe5, 0x95, 0xf6, 0x71, 0xfe, 0x27, 0xfd, 0x23, 0x7a, 0xe3, 0x71, 0x07, 0xc4, 0xa8, 0xfd, 0x21, 0xc2, 0xcc, 0xe4, 0x52, 0xfe, 0x0f, 0xfe, 0xab, 0xfd, 0x85, 0xfc, 0x61, 0xe3, 0x21, 0x9a, 0xc2, 0x69, 0xa3, 0x92, 0x09, 0xfe, 0xe7, 0xfd, 0xe3, 0xfc, 0x44, 0xf4, 0xe5, 0xfc, 0xe3, 0xe3, 0xa2, 0x61, 0x42, 0x49, 0x43, 0x49, 0x63, 0x51, 0x63, 0x59, 0xa2, 0x61, 0xa1, 0x79, 0xe1, 0xeb, 0x81, 0xfc, 0x23, 0xec, 0x6c, 0xfe, 0x08, 0xfe, 0x44, 0xec, 0xc8, 0xfd, 0x84, 0xb3, 0xc2, 0x71, 0xa2, 0x61, 0x62, 0x59, 0x62, 0x61, 0xa2, 0x79, 0x22, 0x9a, 0xe3, 0xc2, 0x0e, 0xfe, 0xc9, 0xfd, 0x2c, 0xfe, 0x2c, 0xfe, 0xca, 0xfd, 0x67, 0xfd, 0x83, 0xfc, 0x01, 0xbb, 0x81, 0x61, 0xe2, 0xd2, 0xc3, 0xf3, 0xac, 0xfd, 0x15, 0xff, 0x15, 0xff, 0x13, 0xff, 0x35, 0xff, 0x0a, 0xd5, 0x05, 0x52, 0xa5, 0x41, 0x85, 0x41, 0x85, 0x41, 0xc5, 0x41, 0x05, 0x52, 0xa5, 0x82, 0xc9, 0xfd, 0x14, 0xff, 0x16, 0xff, 0x53, 0xf6, 0x22, 0xd3, 0x45, 0x82, 0x46, 0x6a, 0xe5, 0x61, 0x66, 0x8a, 0x63, 0x9a, 0x03, 0xc3, 0xa3, 0xeb, 0x04, 0xfc, 0x45, 0xfc, 0x04, 0xf4, 0xa4, 0xaa, 0x43, 0xf3, 0x09, 0xfd, 0xad, 0xfd, 0x8d, 0xfd, 0x6c, 0xfd, 0xce, 0xfd, 0x52, 0xfe, 0x6e, 0xfd, 0x44, 0xfb, 0x85, 0xba, 
  0x83, 0x81, 0x24, 0xaa, 0x0d, 0xfe, 0x70, 0xfe, 0xca, 0xfd, 0xc3, 0xca, 0xc3, 0x99, 0xc3, 0x91, 0xa3, 0x91, 0x02, 0xb2, 0x62, 0x89, 0xa3, 0x91, 0xe3, 0x91, 0x23, 0xb2, 0xc6, 0xfc, 0x6f, 0xfe, 0xb2, 0xfe, 0xab, 0xdc, 0x44, 0x92, 0xe3, 0x89, 0xa2, 0x81, 0xc3, 0xc2, 0x62, 0xca, 0x62, 0x79, 0x82, 0x71, 0x82, 0x79, 0x82, 0x79, 0x03, 0xcb, 0x46, 0xfd, 0xe3, 0xf3, 0x21, 0xca, 0x01, 0xe3, 0xc1, 0xf3, 0x63, 0xfc, 0x42, 0xa2, 0x81, 0x79, 0xa1, 0x81, 0x42, 0xd3, 0x22, 0xec, 0x83, 0xf4, 0x01, 0xcb, 0x41, 0x61, 0x20, 0x61, 0x41, 0x69, 0x81, 0x71, 0x82, 0x71, 0xa1, 0x81, 0xa8, 0xfd, 0x12, 0xff, 0x8c, 0xfe, 0xe2, 0xfc, 0x81, 0xfc, 0xa2, 0xfc, 0x62, 0xfc, 0x41, 0xfc, 0x20, 0xfc, 0x21, 0xfc, 0x00, 0xfc, 0x61, 0xfc, 0x22, 0xfd, 0x02, 0xec, 0xe1, 0x91, 0xe2, 0x89, 0x61, 0xb2, 0x88, 0xec, 0x10, 0xf6, 0x93, 0xfe, 0x0e, 0xfe, 0x83, 0xcb, 0x03, 0x72, 0xcc, 0xcc, 0x32, 0xff, 0xe4, 0xe3, 0x44, 0xd3, 0xec, 0xf4, 0xec, 0xf4, 0x8d, 0xfd, 0xab, 0xfd, 0xe6, 0xfc, 0xc2, 0xf3, 0x41, 0xaa, 0x84, 0x8a, 0x2e, 0xee, 0xac, 0xfe, 0x07, 0xfe, 0x63, 0xfc, 0xc5, 0xfc, 0x83, 0xfc, 0xe2, 0x79, 0x62, 0x51, 0x62, 0x51, 0x63, 0x51, 0xe3, 0x71, 0xc2, 0x69, 0x02, 0x92, 0x23, 0xfd, 0x84, 0xfd, 0x84, 0xf4, 0x8d, 0xfe, 0xc7, 0xfd, 0x02, 0xcb, 0x22, 0xec, 0x66, 0xfd, 0xa2, 0xaa, 0x61, 0x61, 0x61, 0x59, 0x82, 0x61, 0xe2, 0x89, 0xe2, 0xc2, 0x05, 0xe4, 0xcd, 0xfd, 0xa9, 0xfd, 0x2c, 0xfe, 0x0b, 0xfe, 0xea, 0xfd, 0xa9, 0xfd, 0xe6, 0xfc, 0xc1, 0xe3, 0xe2, 0x69, 0x03, 0x82, 0xe3, 0xba, 0xf1, 0xf5, 0x59, 0xff, 0xf3, 0xfe, 0xf2, 0xfe, 0x34, 0xff, 0xac, 0xed, 0x25, 0x62, 0xc5, 0x49, 0xa5, 0x49, 0xa5, 0x49, 0xc5, 0x51, 0x06, 0x5a, 0x86, 0xdc, 0x35, 0xff, 0x35, 0xff, 0xf3, 0xfe, 0xcd, 0xfd, 0x62, 0xe3, 0x23, 0x92, 0x26, 0x6a, 0xe5, 0x61, 0x23, 0x92, 0xe3, 0xc2, 0xc4, 0xeb, 0x45, 0xfc, 0x85, 0xfc, 0xc6, 0xfc, 0x67, 0xec, 0xc4, 0xaa, 0xe4, 0xfb, 0x4b, 0xfd, 0xad, 0xfd, 0x6b, 0xfd, 0x4b, 0xfd, 0xad, 0xfd, 0x74, 0xfe, 0x11, 0xfe, 0xe6, 0xfb, 0x64, 0xda, 
  0x83, 0x81, 0x83, 0x91, 0x64, 0xe3, 0x29, 0xfd, 0x4f, 0xfe, 0x47, 0xf4, 0x03, 0xb2, 0xc3, 0x99, 0xc3, 0x99, 0x22, 0xc2, 0x62, 0x99, 0xc3, 0x99, 0xe3, 0x99, 0x83, 0xc2, 0x69, 0xfd, 0xd2, 0xfe, 0x16, 0xff, 0xb0, 0xed, 0x44, 0x9a, 0x03, 0x8a, 0xc2, 0x91, 0xa5, 0xe3, 0x42, 0xe3, 0xc2, 0x91, 0xa2, 0x79, 0xe2, 0x89, 0x02, 0xaa, 0xc4, 0xfc, 0x43, 0xfc, 0xa1, 0xda, 0x01, 0xc2, 0xc2, 0xf3, 0x41, 0xfc, 0xa4, 0xfc, 0x61, 0xba, 0xa1, 0x89, 0x61, 0xb2, 0x61, 0xe3, 0xc4, 0xfc, 0x66, 0xfd, 0x03, 0xe4, 0x41, 0x69, 0x01, 0x59, 0x41, 0x61, 0x21, 0x61, 0x41, 0x61, 0x61, 0x71, 0x07, 0xf5, 0x12, 0xff, 0x6c, 0xfe, 0xc2, 0xfc, 0x01, 0xfc, 0x82, 0xfc, 0x62, 0xfc, 0x41, 0xfc, 0x40, 0xfc, 0x81, 0xfc, 0xa1, 0xfc, 0x02, 0xfd, 0x43, 0xfd, 0x42, 0xf4, 0x01, 0x9a, 0x21, 0x9a, 0xc1, 0xca, 0x44, 0xf4, 0x72, 0xfe, 0xec, 0xfd, 0x10, 0xfe, 0xad, 0xfd, 0xe3, 0xb2, 0x2c, 0xdd, 0x78, 0xff, 0x4c, 0xfe, 0x21, 0xba, 0x42, 0xeb, 0x25, 0xfc, 0x47, 0xf4, 0x4a, 0xfd, 0x68, 0xfd, 0xa4, 0xfc, 0x41, 0xeb, 0x42, 0x92, 0x0c, 0xd5, 0x31, 0xff, 0x69, 0xfe, 0xa6, 0xfd, 0x43, 0xfc, 0xc4, 0xfc, 0xa1, 0xaa, 0x62, 0x59, 0x62, 0x51, 0x62, 0x59, 0xe4, 0x71, 0xe3, 0x71, 0xe2, 0xc2, 0x07, 0xfe, 0x6b, 0xfe, 0x25, 0xf5, 0x8c, 0xfe, 0xa7, 0xfd, 0x82, 0xc2, 0xe1, 0xda, 0xe3, 0xfc, 0x83, 0xf4, 0xa1, 0x89, 0xa1, 0x71, 0xa2, 0x71, 0x82, 0xaa, 0x23, 0xe4, 0x08, 0xfd, 0x08, 0xfd, 0x67, 0xfd, 0xeb, 0xfd, 0x0a, 0xfe, 0x0b, 0xfe, 0xc9, 0xfd, 0x26, 0xfd, 0xe2, 0xe3, 0x02, 0x7a, 0x24, 0x72, 0x84, 0x92, 0x0c, 0xed, 0x17, 0xff, 0x6f, 0xfe, 0xb0, 0xfe, 0x13, 0xff, 0x8b, 0xf5, 0x24, 0x72, 0xc4, 0x49, 0xa5, 0x49, 0xc5, 0x51, 0xe5, 0x59, 0xc6, 0xb3, 0x56, 0xff, 0xb0, 0xfe, 0x2c, 0xfe, 0x35, 0xff, 0x48, 0xfd, 0xc2, 0xf3, 0xa2, 0xb2, 0x45, 0x82, 0x23, 0x92, 0x01, 0xd3, 0xe4, 0xf3, 0xa6, 0xfc, 0xe6, 0xfc, 0x27, 0xfd, 0x69, 0xfd, 0x89, 0xd4, 0xe5, 0xb2, 0x87, 0xfc, 0x6b, 0xfd, 0x6c, 0xfd, 0x09, 0xfd, 0xe9, 0xfc, 0x6c, 0xfd, 0xb6, 0xfe, 0x74, 0xfe, 0xa9, 0xfc, 0xc4, 0xfa, 
  0x83, 0x91, 0x04, 0x9a, 0x03, 0xb2, 0xc2, 0xfb, 0xe8, 0xfc, 0xcd, 0xfd, 0xa4, 0xc2, 0xc3, 0x99, 0xe3, 0xa9, 0x02, 0xc2, 0x82, 0xb1, 0xc3, 0xa1, 0x03, 0xa2, 0x04, 0xcb, 0xeb, 0xfd, 0xf3, 0xfe, 0x58, 0xff, 0x53, 0xf6, 0x64, 0xa2, 0x03, 0x8a, 0xc3, 0x89, 0x24, 0xcb, 0xe7, 0xf4, 0x62, 0xc2, 0xa2, 0x81, 0xe2, 0x89, 0x02, 0xcb, 0x05, 0xfd, 0x81, 0xeb, 0x21, 0xca, 0xe3, 0xda, 0xc5, 0xfc, 0xa3, 0xfc, 0xa4, 0xf4, 0xe3, 0xf3, 0x82, 0xb2, 0xc1, 0xc2, 0x01, 0xec, 0x45, 0xfd, 0x6d, 0xfe, 0xa9, 0xfd, 0x22, 0x92, 0x21, 0x61, 0x61, 0x69, 0x61, 0x69, 0x41, 0x69, 0x61, 0x71, 0x06, 0xcc, 0x12, 0xff, 0x2a, 0xfe, 0x61, 0xfc, 0xa1, 0xfb, 0x62, 0xfc, 0x61, 0xfc, 0x41, 0xfc, 0x61, 0xfc, 0x02, 0xfd, 0x43, 0xfd, 0x63, 0xfd, 0x63, 0xfd, 0xc1, 0xfc, 0xc1, 0xca, 0x81, 0xba, 0x61, 0xeb, 0x63, 0xfc, 0xcd, 0xfd, 0xed, 0xfd, 0xe6, 0xfc, 0x6b, 0xfd, 0x69, 0xe4, 0x2a, 0xfe, 0x34, 0xff, 0x8f, 0xfe, 0x21, 0xba, 0x81, 0xfb, 0x44, 0xfd, 0xa5, 0xfc, 0x67, 0xf4, 0x28, 0xfd, 0xe7, 0xfc, 0x02, 0xfc, 0x82, 0xb2, 0x25, 0xa3, 0xb0, 0xfe, 0xcf, 0xfe, 0x6a, 0xfe, 0xa3, 0xfc, 0x05, 0xfd, 0x62, 0xd3, 0xc2, 0x69, 0xa2, 0x61, 0x62, 0x69, 0x03, 0x72, 0xc4, 0xa2, 0x23, 0xec, 0xac, 0xfe, 0x52, 0xff, 0x6c, 0xfe, 0xad, 0xfe, 0xa6, 0xfd, 0x61, 0xc2, 0x61, 0xca, 0x42, 0xf4, 0x65, 0xfd, 0x62, 0xaa, 0xe2, 0x81, 0xc1, 0x81, 0xa3, 0xdb, 0xe9, 0xfd, 0xe7, 0xfc, 0xc5, 0xfc, 0xa9, 0xfd, 0xeb, 0xfd, 0xe9, 0xfd, 0xe9, 0xfd, 0xc9, 0xfd, 0x26, 0xfd, 0x02, 0xbb, 0x23, 0x82, 0x44, 0x7a, 0x84, 0x92, 0x69, 0xe4, 0x52, 0xfe, 0x0c, 0xfe, 0x6e, 0xfe, 0xb0, 0xfe, 0xc7, 0xe4, 0xe4, 0x61, 0xc4, 0x51, 0xe4, 0x51, 0x05, 0x62, 0x0a, 0xac, 0x57, 0xff, 0xa9, 0xfd, 0x25, 0xfd, 0xd0, 0xfe, 0xf2, 0xfe, 0x47, 0xfd, 0x42, 0xfc, 0x01, 0xeb, 0x81, 0xc2, 0xe1, 0xe2, 0x43, 0xfc, 0xe6, 0xfc, 0x27, 0xfd, 0x68, 0xfd, 0xa9, 0xfd, 0xed, 0xfd, 0x09, 0xc4, 0x45, 0xbb, 0xe8, 0xfc, 0x4a, 0xfd, 0x09, 0xfd, 0xa7, 0xfc, 0x87, 0xfc, 0x6d, 0xfd, 0xd6, 0xfe, 0x95, 0xfe, 0x2c, 0xfd, 0x65, 0xfb, 
  0x84, 0x91, 0xa3, 0x99, 0x83, 0x99, 0xa4, 0xf3, 0x82, 0xfb, 0x4f, 0xfe, 0xc8, 0xd3, 0xa3, 0xa1, 0xe2, 0xb1, 0x42, 0xda, 0xc1, 0xd1, 0xc2, 0xa1, 0xe2, 0xa1, 0x25, 0xcb, 0x2d, 0xfe, 0xf4, 0xfe, 0x78, 0xff, 0x73, 0xfe, 0xa4, 0xb2, 0x03, 0x92, 0xe3, 0x89, 0xe2, 0xa1, 0xee, 0xf5, 0x25, 0xf4, 0x22, 0xb2, 0xe2, 0x89, 0x03, 0xbb, 0x68, 0xfd, 0x41, 0xeb, 0xe1, 0xb1, 0x42, 0xba, 0x63, 0xfc, 0x83, 0xfc, 0xa4, 0xf4, 0x43, 0xf4, 0xa7, 0xec, 0x62, 0xaa, 0xe4, 0xfc, 0x87, 0xfd, 0xf1, 0xfe, 0x4b, 0xfe, 0xe3, 0xaa, 0x41, 0x69, 0x61, 0x69, 0x41, 0x69, 0xc1, 0x99, 0x41, 0xba, 0x63, 0xdb, 0x32, 0xff, 0x09, 0xfe, 0xe1, 0xfb, 0x61, 0xfb, 0x62, 0xfc, 0x61, 0xfc, 0x41, 0xfc, 0x81, 0xfc, 0x63, 0xfd, 0x84, 0xfd, 0x43, 0xfd, 0x42, 0xfd, 0x02, 0xfd, 0xc1, 0xf3, 0x01, 0xe3, 0xc1, 0xfb, 0xa4, 0xfc, 0x69, 0xfd, 0xee, 0xfd, 0x07, 0xfd, 0xe2, 0xf3, 0x44, 0xf4, 0xe6, 0xfd, 0x13, 0xff, 0xb0, 0xfe, 0x21, 0xba, 0x21, 0xfc, 0x29, 0xfe, 0x29, 0xfe, 0x84, 0xfc, 0x87, 0xfc, 0x49, 0xfd, 0x65, 0xfc, 0xe2, 0xca, 0x84, 0x92, 0xa5, 0xe4, 0x6b, 0xfe, 0xef, 0xfe, 0xa8, 0xfd, 0xc5, 0xfc, 0x23, 0xf4, 0xe2, 0x79, 0xe3, 0x71, 0xa2, 0x81, 0x43, 0x82, 0x84, 0xcb, 0x45, 0xfd, 0x11, 0xff, 0x97, 0xff, 0x74, 0xff, 0xae, 0xfe, 0xa6, 0xfd, 0x61, 0xba, 0x41, 0xc2, 0x42, 0xf4, 0xc8, 0xfd, 0x62, 0x92, 0x81, 0x81, 0x02, 0xcb, 0xa8, 0xfd, 0x0c, 0xfe, 0xa5, 0xfc, 0x48, 0xfd, 0x0c, 0xfe, 0xea, 0xfd, 0x88, 0xfd, 0xa8, 0xfd, 0x68, 0xfd, 0xe4, 0xcb, 0x23, 0x7a, 0x03, 0x7a, 0x44, 0x82, 0x84, 0x9a, 0xc9, 0xec, 0x93, 0xfe, 0x0c, 0xfe, 0x0c, 0xfe, 0x2c, 0xfe, 0x25, 0xa3, 0x05, 0x5a, 0x05, 0x5a, 0x45, 0x6a, 0x2a, 0xb4, 0x56, 0xff, 0x88, 0xfd, 0xe1, 0xfb, 0xc9, 0xfd, 0x12, 0xff, 0xaf, 0xfe, 0x87, 0xfd, 0xc3, 0xfc, 0xa0, 0xfb, 0x20, 0xfb, 0x02, 0xfc, 0x47, 0xfd, 0x88, 0xfd, 0xa9, 0xfd, 0xca, 0xfd, 0xec, 0xfd, 0x0f, 0xf6, 0x88, 0xab, 0x86, 0xc3, 0x09, 0xfd, 0x29, 0xfd, 0x87, 0xfc, 0x26, 0xfc, 0x06, 0xfc, 0xf1, 0xfd, 0xd7, 0xfe, 0xb5, 0xfe, 0xcf, 0xfd, 0x07, 0xfc, 
  0x83, 0x91, 0xc3, 0x99, 0xa3, 0x99, 0x44, 0xdb, 0x41, 0xfb, 0x50, 0xfe, 0xcc, 0xe4, 0xa2, 0xa9, 0x22, 0xc2, 0x82, 0xf2, 0xe1, 0xe1, 0xa2, 0xa1, 0xe3, 0xa1, 0x05, 0xc3, 0x4e, 0xfe, 0xf4, 0xfe, 0x37, 0xff, 0x71, 0xfe, 0xc4, 0xba, 0x03, 0x9a, 0xe3, 0x89, 0x03, 0xa2, 0xad, 0xcc, 0x70, 0xfe, 0x45, 0xf4, 0x62, 0xca, 0x43, 0xb2, 0x0b, 0xfe, 0x61, 0xeb, 0xe1, 0xb1, 0x22, 0xb2, 0x22, 0xf4, 0x02, 0xfc, 0x45, 0xe4, 0x22, 0xdb, 0x88, 0xfd, 0x24, 0xc3, 0x28, 0xf5, 0xa8, 0xfd, 0xd0, 0xfe, 0x09, 0xfe, 0x64, 0xbb, 0xa1, 0x79, 0x61, 0x79, 0x61, 0x79, 0x44, 0xec, 0x86, 0xfd, 0x02, 0xf4, 0xf2, 0xfe, 0x08, 0xfe, 0xa0, 0xfb, 0x82, 0xfb, 0x42, 0xfc, 0x41, 0xfc, 0x41, 0xfc, 0xa1, 0xfc, 0x64, 0xfd, 0x43, 0xfd, 0x22, 0xfd, 0x01, 0xfd, 0x01, 0xfd, 0x81, 0xfc, 0x60, 0xf3, 0x22, 0xfc, 0xc5, 0xfc, 0x28, 0xfd, 0xcc, 0xfd, 0x6a, 0xfd, 0xe3, 0xf3, 0xe3, 0xfc, 0xe8, 0xfd, 0x13, 0xff, 0x13, 0xff, 0xa1, 0xd2, 0x82, 0xfc, 0x6c, 0xfe, 0x11, 0xff, 0x29, 0xfe, 0xa4, 0xfc, 0xa8, 0xf4, 0x05, 0xf4, 0x42, 0xdb, 0x64, 0x92, 0xe4, 0xdb, 0x24, 0xfd, 0x2a, 0xfe, 0xad, 0xfe, 0x85, 0xfc, 0xc4, 0xfc, 0x22, 0x8a, 0xc2, 0x81, 0x23, 0x9a, 0x23, 0x82, 0x83, 0xa2, 0xe8, 0xfd, 0x53, 0xff, 0xb9, 0xff, 0x76, 0xff, 0xad, 0xfe, 0xa6, 0xfd, 0x41, 0xba, 0x41, 0xca, 0xa3, 0xfc, 0x8a, 0xf5, 0x61, 0xc2, 0x82, 0xe3, 0xa8, 0xfd, 0x12, 0xff, 0x6a, 0xf5, 0x69, 0xfd, 0xaa, 0xfd, 0x4d, 0xfe, 0xca, 0xfd, 0xa8, 0xfd, 0x67, 0xfd, 0xa5, 0xc3, 0x02, 0x7a, 0x03, 0x72, 0x03, 0x7a, 0x24, 0x82, 0xc4, 0xb2, 0x08, 0xf5, 0x10, 0xf6, 0xeb, 0xfd, 0x68, 0xf5, 0x86, 0xe4, 0xc6, 0xbb, 0x46, 0x62, 0x25, 0x6a, 0xa5, 0x82, 0x71, 0xf6, 0x8e, 0xfe, 0xc1, 0xf3, 0x22, 0xfc, 0x8e, 0xfe, 0xf1, 0xfe, 0x8e, 0xfe, 0xc9, 0xfd, 0x46, 0xfd, 0x21, 0xfc, 0x01, 0xfc, 0x05, 0xfd, 0xea, 0xfd, 0xea, 0xfd, 0xeb, 0xfd, 0xeb, 0xfd, 0x2d, 0xfe, 0xcf, 0xed, 0x27, 0xa3, 0xc6, 0xd3, 0x4a, 0xfd, 0xe8, 0xfc, 0x25, 0xfc, 0xc4, 0xfb, 0xe5, 0xfb, 0x94, 0xfe, 0xd6, 0xfe, 0xb5, 0xfe, 0x52, 0xfe, 0x89, 0xfc, 
  0x83, 0x99, 0xc3, 0xa9, 0xa3, 0xa9, 0x04, 0xd3, 0x82, 0xfb, 0x50, 0xfe, 0xb0, 0xed, 0xc3, 0xb9, 0x42, 0xca, 0xc1, 0xfa, 0x21, 0xea, 0x82, 0xa9, 0xe2, 0xb1, 0xa4, 0xc2, 0x71, 0xfe, 0x15, 0xff, 0xd2, 0xfe, 0x0d, 0xfe, 0x04, 0xbb, 0x03, 0x9a, 0xe3, 0x89, 0xe3, 0x91, 0x47, 0xb3, 0x57, 0xff, 0xd2, 0xfe, 0xac, 0xfd, 0x46, 0xe4, 0x0c, 0xfe, 0x03, 0xf4, 0x21, 0xba, 0x22, 0xb2, 0x44, 0xec, 0x22, 0xfc, 0x85, 0xec, 0x22, 0xdb, 0x87, 0xfd, 0xc7, 0xec, 0xcc, 0xf5, 0x6d, 0xfe, 0x8e, 0xfe, 0x65, 0xfd, 0x27, 0xcc, 0xc1, 0x89, 0xa1, 0x89, 0x44, 0xc3, 0x4b, 0xfe, 0xc7, 0xfd, 0x03, 0xfd, 0x6d, 0xfe, 0x4b, 0xfe, 0xa1, 0xfb, 0x61, 0xfb, 0x02, 0xfc, 0xe1, 0xfb, 0x01, 0xfc, 0xa2, 0xfc, 0x44, 0xfd, 0xc2, 0xfc, 0x22, 0xfd, 0xc1, 0xfc, 0xc1, 0xfc, 0xe1, 0xfc, 0x21, 0xfc, 0x63, 0xfc, 0xe6, 0xfc, 0x48, 0xfd, 0xab, 0xfd, 0xe8, 0xfc, 0xa4, 0xfc, 0x25, 0xfd, 0x8c, 0xfe, 0x12, 0xff, 0x13, 0xff, 0x03, 0xf4, 0x42, 0xfc, 0x6b, 0xfe, 0x34, 0xff, 0xf0, 0xfe, 0xc7, 0xfd, 0x64, 0xfc, 0xa4, 0xf3, 0x82, 0xe3, 0x83, 0xa2, 0xc5, 0xd3, 0xe4, 0xfc, 0xe3, 0xfc, 0xae, 0xfe, 0xe7, 0xfc, 0x06, 0xfd, 0xa3, 0xaa, 0x02, 0xa2, 0x43, 0xa2, 0x43, 0x8a, 0xa4, 0xaa, 0x4a, 0xfe, 0x53, 0xff, 0xba, 0xff, 0x75, 0xff, 0x8c, 0xfe, 0xa9, 0xf5, 0x62, 0xc2, 0xc1, 0xe2, 0x87, 0xfd, 0xc9, 0xfd, 0x68, 0xfd, 0x8e, 0xfe, 0x55, 0xff, 0x14, 0xff, 0x8b, 0xfd, 0xab, 0xfd, 0xec, 0xfd, 0x91, 0xfe, 0xa9, 0xfd, 0x25, 0xdc, 0xe3, 0xaa, 0x43, 0x7a, 0x23, 0x7a, 0x02, 0x7a, 0xe2, 0x79, 0x43, 0x92, 0x85, 0xd3, 0x48, 0xfd, 0x10, 0xfe, 0xc8, 0xe4, 0x25, 0xab, 0x85, 0xbb, 0x28, 0xed, 0xa6, 0x7a, 0x86, 0x7a, 0x29, 0xb4, 0xf1, 0xfe, 0x06, 0xfd, 0x20, 0xeb, 0x05, 0xfd, 0x8e, 0xfe, 0xd0, 0xfe, 0xaf, 0xfe, 0x2b, 0xfe, 0xa8, 0xfd, 0xe4, 0xfc, 0xe4, 0xfc, 0xea, 0xfd, 0x2d, 0xfe, 0x2c, 0xfe, 0x0b, 0xfe, 0xeb, 0xfd, 0x6f, 0xfe, 0x0e, 0xd5, 0x48, 0xab, 0x27, 0xdc, 0x6b, 0xfd, 0xc7, 0xfc, 0xe4, 0xfb, 0x82, 0xfb, 0x87, 0xfc, 0xb5, 0xfe, 0xd6, 0xfe, 0xb6, 0xfe, 0x94, 0xfe, 0x8e, 0xfd, 
  0x63, 0xa1, 0xa3, 0xa1, 0xa3, 0xa9, 0xa4, 0xca, 0x04, 0xfc, 0x51, 0xfe, 0x14, 0xf6, 0xe4, 0xb9, 0x22, 0xca, 0x62, 0xfb, 0xa1, 0xfa, 0x81, 0xb9, 0xc2, 0xb1, 0x64, 0xc2, 0x73, 0xfe, 0xd3, 0xfe, 0xec, 0xfd, 0x89, 0xfd, 0x44, 0xc3, 0x03, 0x9a, 0x03, 0x92, 0x03, 0x92, 0x23, 0x9a, 0x16, 0xff, 0x57, 0xff, 0x77, 0xff, 0x14, 0xff, 0x2d, 0xfe, 0x8a, 0xfd, 0xc2, 0xd2, 0x21, 0xba, 0xa7, 0xec, 0x83, 0xfc, 0xe4, 0xfc, 0xa4, 0xf4, 0xa7, 0xfd, 0xc9, 0xfd, 0xf3, 0xfe, 0x54, 0xff, 0x2b, 0xfe, 0xa2, 0xfc, 0xe8, 0xe4, 0xe1, 0x99, 0x63, 0xcb, 0x09, 0xfe, 0x09, 0xfe, 0xa6, 0xfd, 0xe7, 0xfd, 0xc6, 0xfd, 0xaf, 0xfe, 0x02, 0xfc, 0x42, 0xfb, 0xa2, 0xfb, 0x41, 0xfb, 0x80, 0xfb, 0x62, 0xfc, 0x25, 0xfd, 0x41, 0xfc, 0x43, 0xfd, 0xa1, 0xfc, 0x62, 0xfc, 0x02, 0xfd, 0x23, 0xfd, 0x64, 0xfc, 0xe7, 0xfc, 0x08, 0xfd, 0x09, 0xfd, 0x05, 0xfd, 0x04, 0xfd, 0x4c, 0xfe, 0x6c, 0xfe, 0xae, 0xfe, 0x8e, 0xfe, 0x45, 0xfd, 0x42, 0xfc, 0xc8, 0xfd, 0x12, 0xff, 0x33, 0xff, 0x8c, 0xfe, 0xa6, 0xfd, 0x83, 0xfc, 0xc3, 0xeb, 0xc3, 0xb2, 0xa5, 0xcb, 0xe6, 0xfc, 0x81, 0xfc, 0x8d, 0xfe, 0xab, 0xf5, 0x69, 0xfd, 0x43, 0xc3, 0xa1, 0xd2, 0x83, 0xb2, 0x83, 0x9a, 0x83, 0xaa, 0x8d, 0xfe, 0x74, 0xff, 0xb8, 0xff, 0x32, 0xff, 0x6a, 0xfe, 0x0b, 0xfe, 0xe2, 0xe2, 0xe2, 0xfb, 0x6c, 0xfe, 0xf0, 0xfe, 0x96, 0xff, 0x98, 0xff, 0x98, 0xff, 0x51, 0xfe, 0xcd, 0xfd, 0x0e, 0xfe, 0x50, 0xfe, 0x92, 0xfe, 0xc5, 0xc3, 0x84, 0x92, 0xc4, 0x9a, 0x44, 0x8a, 0x43, 0x8a, 0x03, 0x82, 0xe2, 0x91, 0x45, 0xd3, 0x05, 0xec, 0xa9, 0xfd, 0x6b, 0xf5, 0x86, 0xc3, 0x26, 0xa3, 0xc6, 0xcb, 0x0b, 0xfe, 0xc7, 0xab, 0x06, 0x8b, 0xef, 0xe5, 0x2d, 0xfe, 0x81, 0xeb, 0x81, 0xf3, 0xe9, 0xfd, 0x4c, 0xfe, 0xd0, 0xfe, 0xf1, 0xfe, 0x8e, 0xfe, 0x4c, 0xfe, 0xc8, 0xfd, 0xea, 0xfd, 0x8e, 0xfe, 0x6f, 0xfe, 0x4e, 0xfe, 0x0b, 0xfe, 0xeb, 0xfd, 0xb2, 0xfe, 0x4b, 0xbc, 0x68, 0xab, 0xa8, 0xec, 0x6b, 0xfd, 0x86, 0xfc, 0xa2, 0xfb, 0xa2, 0xfb, 0x6d, 0xfd, 0x93, 0xfe, 0xd5, 0xfe, 0xd5, 0xfe, 0xf6, 0xfe, 0xef, 0xfd, 
  0x43, 0xa9, 0xa3, 0xb1, 0xa3, 0xb1, 0x45, 0xc2, 0x86, 0xfc, 0x72, 0xfe, 0x56, 0xf6, 0x04, 0xc2, 0x42, 0xd2, 0x03, 0xfc, 0xa2, 0xfb, 0x01, 0xea, 0xc1, 0xd1, 0xa5, 0xeb, 0xb2, 0xfe, 0x4f, 0xfe, 0x06, 0xfd, 0xe6, 0xfc, 0x85, 0xd3, 0x23, 0x9a, 0x04, 0x9a, 0x23, 0x9a, 0x43, 0xaa, 0x90, 0xe5, 0x15, 0xff, 0x56, 0xff, 0x78, 0xff, 0x4f, 0xfe, 0x6b, 0xf5, 0x85, 0xf4, 0xc1, 0xd2, 0xc8, 0xec, 0x26, 0xfd, 0x04, 0xfd, 0x87, 0xfd, 0x2b, 0xfe, 0xe8, 0xfd, 0x15, 0xff, 0xf2, 0xfe, 0xa7, 0xfd, 0x41, 0xfc, 0x46, 0xfd, 0x82, 0xba, 0xa7, 0xfd, 0x4b, 0xfe, 0x24, 0xfd, 0xc7, 0xfd, 0x09, 0xfe, 0xa6, 0xfd, 0xca, 0xfd, 0xe5, 0xfc, 0x62, 0xfb, 0x42, 0xfb, 0xc1, 0xea, 0x00, 0xf3, 0x01, 0xfc, 0x26, 0xfd, 0xc1, 0xfb, 0x43, 0xfd, 0xe2, 0xfc, 0x42, 0xfc, 0xe3, 0xfc, 0x85, 0xfd, 0xe6, 0xfc, 0xe8, 0xfc, 0xe8, 0xfc, 0xe5, 0xfc, 0x04, 0xfd, 0xa6, 0xfd, 0x4c, 0xfe, 0x29, 0xfe, 0x2a, 0xfe, 0xc8, 0xfd, 0xa7, 0xfd, 0x63, 0xfc, 0x45, 0xfd, 0x8d, 0xfe, 0x11, 0xff, 0xad, 0xfe, 0x29, 0xfe, 0x46, 0xfd, 0xe4, 0xeb, 0xe3, 0xba, 0x45, 0xc3, 0xe7, 0xfc, 0xc2, 0xfc, 0x6d, 0xfe, 0x2f, 0xfe, 0x4a, 0xfd, 0xc4, 0xe3, 0x61, 0xf3, 0xa2, 0xc2, 0xa3, 0xb2, 0xc3, 0xb2, 0x2e, 0xf6, 0x76, 0xff, 0x53, 0xff, 0xad, 0xfe, 0x49, 0xfe, 0x6d, 0xfe, 0x43, 0xfc, 0x87, 0xfd, 0x0b, 0xfe, 0x75, 0xff, 0x98, 0xff, 0x75, 0xff, 0x76, 0xff, 0xae, 0xf5, 0xef, 0xfd, 0xf0, 0xfd, 0xb4, 0xfe, 0xcf, 0xed, 0xe5, 0xa2, 0xc4, 0x9a, 0xc4, 0x9a, 0xa3, 0xa2, 0x63, 0x9a, 0x42, 0xb2, 0x02, 0xdb, 0xe4, 0xfb, 0x06, 0xfd, 0xa9, 0xfd, 0xe7, 0xf4, 0xc6, 0xd3, 0x87, 0xbb, 0x87, 0xe4, 0x4d, 0xfe, 0x6b, 0xe5, 0x49, 0xbc, 0xd2, 0xfe, 0xc5, 0xfc, 0xe0, 0xe2, 0x63, 0xfc, 0x0a, 0xfe, 0x09, 0xfe, 0xf1, 0xfe, 0x33, 0xff, 0xf1, 0xfe, 0xd0, 0xfe, 0x8e, 0xfe, 0xb0, 0xfe, 0xf1, 0xfe, 0xb0, 0xfe, 0x4d, 0xfe, 0xa9, 0xfd, 0x2c, 0xfe, 0x72, 0xf6, 0x0a, 0xbc, 0x88, 0xbb, 0x2a, 0xf5, 0x6b, 0xfd, 0x45, 0xfc, 0x61, 0xfb, 0x05, 0xfc, 0x32, 0xfe, 0x72, 0xfe, 0x93, 0xfe, 0xd5, 0xfe, 0xf7, 0xfe, 0xf0, 0xfd, 
  0x82, 0xc9, 0xa3, 0xb9, 0xa3, 0xb9, 0x04, 0xc2, 0x09, 0xfd, 0x94, 0xfe, 0x56, 0xf6, 0x04, 0xca, 0xa3, 0xe2, 0x85, 0xfc, 0x85, 0xfc, 0xa3, 0xfb, 0x83, 0xfb, 0x48, 0xfd, 0x0e, 0xfe, 0x2e, 0xfe, 0x44, 0xfc, 0xa5, 0xfc, 0xa6, 0xdb, 0x43, 0xaa, 0x23, 0xa2, 0x44, 0xaa, 0x64, 0xaa, 0xab, 0xe4, 0xf3, 0xfe, 0x6f, 0xfe, 0x35, 0xff, 0xf4, 0xfe, 0xe3, 0xc2, 0xc7, 0xec, 0x43, 0xf4, 0x28, 0xf5, 0x0b, 0xfe, 0x67, 0xfd, 0xea, 0xfd, 0x8e, 0xfe, 0x6e, 0xfe, 0x57, 0xff, 0xe8, 0xfd, 0x24, 0xfd, 0x01, 0xfc, 0xc3, 0xfc, 0x44, 0xec, 0x09, 0xfe, 0x0c, 0xfe, 0x23, 0xec, 0xa6, 0xfd, 0xe8, 0xfd, 0xa6, 0xfd, 0xe4, 0xfc, 0xea, 0xfd, 0xa1, 0xfb, 0x01, 0xf3, 0x61, 0xda, 0x81, 0xe2, 0xc1, 0xfb, 0x48, 0xfd, 0x62, 0xf3, 0xc3, 0xfc, 0x44, 0xfd, 0x22, 0xfc, 0xc3, 0xfc, 0x65, 0xfd, 0x48, 0xfd, 0xe9, 0xfc, 0x85, 0xfc, 0xa3, 0xfc, 0x62, 0xfc, 0xa7, 0xfd, 0xe9, 0xfd, 0xc7, 0xfd, 0xa7, 0xfd, 0x65, 0xfd, 0xc6, 0xf4, 0x86, 0xf4, 0x45, 0xfd, 0xe8, 0xfd, 0x8c, 0xfe, 0x8d, 0xfe, 0x4b, 0xfe, 0xc9, 0xfd, 0xc4, 0xeb, 0x23, 0xcb, 0x45, 0xcb, 0xc8, 0xf4, 0x44, 0xfd, 0x8e, 0xfe, 0x93, 0xfe, 0x4b, 0xfd, 0x86, 0xfc, 0x01, 0xfc, 0x01, 0xe3, 0x02, 0xd3, 0x01, 0xdb, 0x30, 0xf6, 0x54, 0xff, 0x8b, 0xfe, 0x28, 0xfe, 0x6a, 0xfe, 0x8e, 0xfe, 0x65, 0xfd, 0x88, 0xfd, 0x49, 0xf5, 0x96, 0xff, 0x32, 0xff, 0xf0, 0xfe, 0x13, 0xff, 0x6d, 0xf5, 0x11, 0xfe, 0xf2, 0xf5, 0x53, 0xf6, 0x07, 0xd4, 0x05, 0xb3, 0xe4, 0xb2, 0xe4, 0xaa, 0xe3, 0xb2, 0xa3, 0xb2, 0xc2, 0xf3, 0xa4, 0xfc, 0xe4, 0xfc, 0xc8, 0xfd, 0xca, 0xfd, 0xc6, 0xf4, 0xe5, 0xdb, 0xc6, 0xcb, 0x69, 0xf5, 0x6f, 0xfe, 0x6f, 0xfe, 0x4f, 0xf6, 0x6e, 0xfe, 0x22, 0xf4, 0x20, 0xeb, 0x45, 0xfd, 0x87, 0xfd, 0xc8, 0xfd, 0xf1, 0xfe, 0x55, 0xff, 0x54, 0xff, 0x33, 0xff, 0x13, 0xff, 0x34, 0xff, 0x13, 0xff, 0xd0, 0xfe, 0x0b, 0xfe, 0x88, 0xfd, 0x6e, 0xfe, 0xd0, 0xe5, 0x2a, 0xcc, 0x08, 0xd4, 0xac, 0xfd, 0x4a, 0xfd, 0x03, 0xfc, 0x61, 0xfb, 0x88, 0xfc, 0x73, 0xfe, 0x52, 0xfe, 0xef, 0xfd, 0xf7, 0xfe, 0xf6, 0xfe, 0x31, 0xfe, 
  0xc3, 0xea, 0xa3, 0xc9, 0xc3, 0xc9, 0x03, 0xca, 0x4b, 0xfd, 0xd5, 0xfe, 0x35, 0xf6, 0x03, 0xd2, 0x65, 0xeb, 0x08, 0xfd, 0x48, 0xfd, 0xab, 0xfd, 0xcc, 0xfd, 0xcb, 0xfd, 0xed, 0xfd, 0xcc, 0xfd, 0x02, 0xfc, 0x84, 0xfc, 0xe6, 0xdb, 0x63, 0xb2, 0x23, 0xaa, 0x84, 0xb2, 0xa5, 0xb2, 0xe8, 0xf4, 0x14, 0xff, 0xa9, 0xfd, 0x6e, 0xfe, 0x14, 0xff, 0xc2, 0xc2, 0xe3, 0xca, 0xc4, 0xe3, 0x89, 0xfd, 0x6c, 0xfe, 0x87, 0xfd, 0xa8, 0xfd, 0xc8, 0xfd, 0x8f, 0xfe, 0xd1, 0xfe, 0x85, 0xfd, 0xc2, 0xfc, 0x01, 0xfc, 0x22, 0xfc, 0xe6, 0xf4, 0xae, 0xfe, 0xcb, 0xfd, 0x4a, 0xed, 0xa6, 0xfd, 0xe8, 0xfd, 0x85, 0xfd, 0x85, 0xfd, 0x28, 0xf5, 0xc4, 0xfc, 0x01, 0xf3, 0x62, 0xd2, 0x41, 0xd2, 0xc1, 0xfb, 0xaa, 0xf5, 0x44, 0xe3, 0x22, 0xfc, 0x86, 0xfd, 0x83, 0xfc, 0xa3, 0xfc, 0x44, 0xfd, 0x49, 0xfd, 0xa7, 0xfc, 0x62, 0xfc, 0x22, 0xfc, 0xa2, 0xfb, 0xa7, 0xfd, 0x24, 0xfd, 0x24, 0xfd, 0x44, 0xfd, 0x06, 0xfd, 0x88, 0xf4, 0x88, 0xf4, 0x65, 0xfd, 0x85, 0xfd, 0xe8, 0xfd, 0x4b, 0xfe, 0x6c, 0xfe, 0x2b, 0xfe, 0x05, 0xf4, 0x63, 0xdb, 0x24, 0xcb, 0x87, 0xec, 0xa6, 0xfd, 0xaf, 0xfe, 0xb4, 0xf6, 0x6d, 0xfd, 0x08, 0xfd, 0xe2, 0xfc, 0x42, 0xfc, 0x63, 0xeb, 0x44, 0xf4, 0xaf, 0xfe, 0x12, 0xff, 0xa5, 0xfd, 0xc6, 0xfd, 0x8c, 0xfe, 0xec, 0xfd, 0xc5, 0xfc, 0xe8, 0xfc, 0xac, 0xfd, 0x34, 0xff, 0x4a, 0xfe, 0xae, 0xfe, 0xf3, 0xfe, 0x2b, 0xfd, 0x12, 0xfe, 0xd2, 0xf5, 0x0c, 0xed, 0xa5, 0xd3, 0x46, 0xb3, 0xe4, 0xb2, 0x04, 0xbb, 0x04, 0xc3, 0xa3, 0xe3, 0x65, 0xfd, 0xa6, 0xfd, 0xa7, 0xfd, 0x0a, 0xfe, 0x2c, 0xfe, 0x69, 0xfd, 0x85, 0xf4, 0x65, 0xec, 0x6f, 0xfe, 0xd1, 0xfe, 0xd0, 0xfe, 0xb0, 0xfe, 0x8e, 0xfe, 0x02, 0xf4, 0x81, 0xeb, 0xa6, 0xfd, 0x04, 0xfd, 0x86, 0xfd, 0xf1, 0xfe, 0x77, 0xff, 0x77, 0xff, 0x76, 0xff, 0x77, 0xff, 0x77, 0xff, 0x35, 0xff, 0x8e, 0xfe, 0xa8, 0xfd, 0x88, 0xfd, 0x91, 0xfe, 0x2d, 0xe5, 0x8a, 0xdc, 0xa9, 0xec, 0x0e, 0xfe, 0x08, 0xfd, 0xa2, 0xfb, 0x41, 0xfb, 0x2b, 0xfd, 0x51, 0xfe, 0x52, 0xfe, 0x6d, 0xfd, 0x18, 0xff, 0xf6, 0xfe, 0x72, 0xfe, 
  0x68, 0xfc, 0xe3, 0xd9, 0x64, 0xea, 0x03, 0xda, 0x4c, 0xfd, 0x18, 0xff, 0xd4, 0xf5, 0x03, 0xda, 0x48, 0xf4, 0x4a, 0xfd, 0xee, 0xfd, 0xb3, 0xfe, 0xf4, 0xfe, 0xd3, 0xfe, 0x2e, 0xfe, 0x48, 0xfd, 0xe2, 0xfb, 0x84, 0xfc, 0xe7, 0xe3, 0x83, 0xca, 0x43, 0xca, 0xa5, 0xba, 0xe5, 0xca, 0xed, 0xfd, 0x57, 0xff, 0x47, 0xfd, 0x68, 0xfd, 0xd2, 0xfe, 0xe3, 0xca, 0xe3, 0xc2, 0x23, 0xcb, 0x69, 0xf5, 0x8e, 0xfe, 0x66, 0xfd, 0x25, 0xfd, 0xc5, 0xfc, 0x83, 0xfc, 0x65, 0xfd, 0x44, 0xfd, 0xa2, 0xfc, 0x41, 0xfc, 0xe1, 0xfb, 0x28, 0xf5, 0x12, 0xff, 0xa8, 0xf4, 0xcb, 0xfd, 0xa7, 0xfd, 0xe9, 0xfd, 0x23, 0xfd, 0xc7, 0xfd, 0x44, 0xf4, 0x49, 0xed, 0xc3, 0xfb, 0xa3, 0xd2, 0xa3, 0xca, 0xe3, 0xf3, 0x2e, 0xfe, 0x45, 0xdb, 0x61, 0xf3, 0x45, 0xfd, 0x25, 0xfd, 0xa4, 0xfc, 0x65, 0xfd, 0x0a, 0xf5, 0x87, 0xf4, 0xe3, 0xfb, 0x02, 0xeb, 0xa1, 0xda, 0x06, 0xfd, 0xa3, 0xfc, 0x04, 0xfd, 0xc3, 0xfc, 0xc9, 0xf4, 0x87, 0xfc, 0xca, 0xfc, 0x87, 0xfd, 0x86, 0xfd, 0x86, 0xfd, 0xe8, 0xfd, 0x6c, 0xfe, 0x6d, 0xfe, 0xa6, 0xfc, 0x64, 0xe3, 0x44, 0xd3, 0x06, 0xe4, 0xea, 0xfd, 0xb0, 0xfe, 0x94, 0xfe, 0x4c, 0xfd, 0x08, 0xfd, 0x86, 0xfd, 0x65, 0xfd, 0xe6, 0xfc, 0xe8, 0xfd, 0x2a, 0xfe, 0xf1, 0xfe, 0x03, 0xfd, 0xa5, 0xfd, 0xae, 0xfe, 0x2a, 0xf5, 0xe8, 0xfc, 0x2a, 0xfd, 0xcd, 0xfd, 0xae, 0xfe, 0xa6, 0xfd, 0xae, 0xfe, 0x55, 0xff, 0x8b, 0xfd, 0xf2, 0xfd, 0x50, 0xed, 0xe6, 0xf3, 0xa5, 0xd3, 0x46, 0xc3, 0x25, 0xbb, 0x45, 0xc3, 0x44, 0xcb, 0x26, 0xfd, 0x0a, 0xfe, 0xe9, 0xfd, 0xc8, 0xfd, 0x2b, 0xfe, 0x6e, 0xfe, 0xac, 0xfd, 0xab, 0xfd, 0x2d, 0xfe, 0xf2, 0xfe, 0xaf, 0xfe, 0xaf, 0xfe, 0xd1, 0xfe, 0xd1, 0xfe, 0x23, 0xf4, 0xe2, 0xeb, 0xa7, 0xfd, 0x81, 0xfc, 0x24, 0xfd, 0xd0, 0xfe, 0x98, 0xff, 0x99, 0xff, 0x98, 0xff, 0x99, 0xff, 0x98, 0xff, 0x55, 0xff, 0xeb, 0xfd, 0x26, 0xfd, 0xaa, 0xfd, 0x91, 0xfe, 0x0c, 0xed, 0xaa, 0xec, 0x6b, 0xfd, 0x0e, 0xfe, 0x86, 0xfc, 0x41, 0xfb, 0x41, 0xfb, 0x8d, 0xfd, 0x31, 0xfe, 0xef, 0xfd, 0xf1, 0xfd, 0x17, 0xff, 0xf6, 0xfe, 0x93, 0xfe, 
  0xc9, 0xfc, 0xe5, 0xea, 0x64, 0xf2, 0x23, 0xe2, 0x4c, 0xfd, 0x7a, 0xff, 0xb3, 0xf5, 0x24, 0xe2, 0x07, 0xf4, 0xee, 0xfd, 0x71, 0xfe, 0xf5, 0xfe, 0x58, 0xff, 0x15, 0xff, 0xcc, 0xfd, 0x86, 0xfc, 0xc2, 0xfb, 0xa5, 0xfc, 0xc7, 0xe3, 0x22, 0xe3, 0x83, 0xfb, 0xe5, 0xd2, 0xa6, 0xdb, 0x14, 0xff, 0x58, 0xff, 0x68, 0xfd, 0xc5, 0xfc, 0x4e, 0xfe, 0xe4, 0xd2, 0x04, 0xd3, 0x04, 0xd3, 0x2a, 0xed, 0xf1, 0xfe, 0xa8, 0xfd, 0xe3, 0xfc, 0x48, 0xfd, 0x80, 0xfb, 0x21, 0xfc, 0x41, 0xfc, 0x81, 0xfc, 0x81, 0xfc, 0x00, 0xfc, 0x28, 0xf5, 0x55, 0xff, 0x88, 0xec, 0x4d, 0xfe, 0xe7, 0xec, 0xe8, 0xfd, 0xa2, 0xfc, 0x65, 0xfd, 0x26, 0xfd, 0xa4, 0xeb, 0xa6, 0xf4, 0x04, 0xe3, 0xc5, 0xca, 0xc5, 0xeb, 0xb2, 0xfe, 0xc8, 0xdb, 0xe2, 0xea, 0x83, 0xfc, 0x66, 0xfd, 0x05, 0xfd, 0xe9, 0xfd, 0x68, 0xe4, 0xa6, 0xe3, 0x66, 0xfc, 0xc2, 0xda, 0xe2, 0xda, 0x24, 0xfc, 0xa3, 0xfc, 0x25, 0xfd, 0x84, 0xfc, 0xca, 0xfc, 0x88, 0xfc, 0xa9, 0xf4, 0xe9, 0xfd, 0xc8, 0xfd, 0x65, 0xfd, 0x86, 0xfd, 0x2b, 0xfe, 0x6d, 0xfe, 0x89, 0xfd, 0xc4, 0xf3, 0x65, 0xe3, 0xc6, 0xe3, 0x0c, 0xf6, 0xd2, 0xfe, 0x54, 0xfe, 0x2c, 0xfd, 0x49, 0xfd, 0xe9, 0xfd, 0x4d, 0xfe, 0xd0, 0xfe, 0xaf, 0xfe, 0x8d, 0xfe, 0x8e, 0xfe, 0xe2, 0xfc, 0x85, 0xfd, 0x8e, 0xfe, 0x4a, 0xfd, 0x2a, 0xfd, 0x6b, 0xfd, 0xac, 0xfd, 0x2a, 0xfe, 0x45, 0xfd, 0xd0, 0xfe, 0x78, 0xff, 0x30, 0xfe, 0xb0, 0xfd, 0x0c, 0xf5, 0xa5, 0xfc, 0x84, 0xdb, 0x86, 0xd3, 0x85, 0xd3, 0x85, 0xd3, 0x85, 0xdb, 0x0b, 0xfe, 0x4d, 0xfe, 0x2b, 0xfe, 0xe8, 0xfd, 0x4b, 0xfe, 0x8e, 0xfe, 0xcd, 0xfd, 0x30, 0xfe, 0x92, 0xfe, 0x92, 0xfe, 0x2c, 0xfe, 0x0a, 0xfe, 0x8f, 0xfe, 0xd2, 0xfe, 0x64, 0xf4, 0x02, 0xec, 0xc8, 0xfd, 0x20, 0xfc, 0xc2, 0xfc, 0x8e, 0xfe, 0x98, 0xff, 0xba, 0xff, 0xba, 0xff, 0xba, 0xff, 0x99, 0xff, 0xf3, 0xfe, 0x47, 0xfd, 0x05, 0xfd, 0x2d, 0xfe, 0xef, 0xfd, 0xeb, 0xf4, 0xa9, 0xf4, 0x0f, 0xfe, 0xac, 0xfd, 0x04, 0xfc, 0x01, 0xf3, 0x63, 0xfb, 0xae, 0xfd, 0x31, 0xfe, 0x6d, 0xfd, 0xb5, 0xfe, 0xf6, 0xfe, 0xf6, 0xfe, 0x93, 0xfe, 
  0xc5, 0xfb, 0x28, 0xf4, 0xe3, 0xf1, 0x45, 0xea, 0xcf, 0xfd, 0x5a, 0xff, 0x72, 0xf5, 0x85, 0xea, 0x49, 0xf4, 0x93, 0xfe, 0xb3, 0xfe, 0xf5, 0xfe, 0x58, 0xff, 0xd4, 0xfe, 0x8a, 0xfd, 0xa4, 0xfb, 0x82, 0xfb, 0x07, 0xfd, 0x85, 0xe3, 0xc6, 0xfc, 0x48, 0xfd, 0x66, 0xe3, 0x8a, 0xe4, 0x9a, 0xff, 0x78, 0xff, 0x89, 0xfd, 0x64, 0xfc, 0xaa, 0xf5, 0x24, 0xdb, 0x44, 0xd3, 0x44, 0xdb, 0xce, 0xf5, 0xd0, 0xfe, 0xc8, 0xfd, 0x03, 0xfd, 0x88, 0xfd, 0xe2, 0xfb, 0xe1, 0xfb, 0x41, 0xfb, 0x62, 0xfc, 0x03, 0xfd, 0x61, 0xfc, 0xc7, 0xf4, 0x56, 0xff, 0x4a, 0xf5, 0x4e, 0xfe, 0x04, 0xe4, 0xe9, 0xfd, 0xa3, 0xfc, 0xa3, 0xfc, 0xc9, 0xfd, 0x42, 0xeb, 0x87, 0xf4, 0x05, 0xf4, 0xe5, 0xd2, 0x87, 0xdb, 0xd5, 0xfe, 0xcb, 0xec, 0xa2, 0xe2, 0xc2, 0xfb, 0x25, 0xfd, 0x67, 0xfd, 0x6e, 0xfe, 0x68, 0xf4, 0x44, 0xeb, 0x66, 0xfc, 0x23, 0xe3, 0xc5, 0xeb, 0x62, 0xfb, 0x43, 0xfc, 0xe8, 0xfc, 0x65, 0xf4, 0xaa, 0xfc, 0x89, 0xfc, 0xe8, 0xf4, 0x4d, 0xfe, 0xe9, 0xfd, 0x04, 0xfd, 0xe4, 0xfc, 0xc9, 0xfd, 0x2c, 0xfe, 0xea, 0xfd, 0x86, 0xfc, 0x85, 0xf3, 0xc6, 0xeb, 0x0c, 0xf6, 0xf4, 0xfe, 0x34, 0xfe, 0x0e, 0xfd, 0x49, 0xfd, 0x4d, 0xfe, 0xf2, 0xfe, 0x76, 0xff, 0x56, 0xff, 0xaf, 0xfe, 0xe9, 0xfd, 0xc2, 0xfc, 0x86, 0xfd, 0x8f, 0xfe, 0xac, 0xfd, 0x6b, 0xfd, 0x8c, 0xfd, 0x8b, 0xfd, 0xa7, 0xfd, 0x24, 0xfd, 0xd1, 0xfe, 0x9a, 0xff, 0xb3, 0xfe, 0x0a, 0xfd, 0x08, 0xfd, 0xc8, 0xfd, 0x45, 0xec, 0xa6, 0xe3, 0xa6, 0xe3, 0xa5, 0xe3, 0xa5, 0xeb, 0x6e, 0xfe, 0x4d, 0xfe, 0x2b, 0xfe, 0x0a, 0xfe, 0x2a, 0xfe, 0x4c, 0xfe, 0xee, 0xfd, 0x52, 0xfe, 0xd4, 0xfe, 0x0e, 0xfe, 0xa8, 0xfd, 0x66, 0xfd, 0x8e, 0xfe, 0xd2, 0xfe, 0xa5, 0xf4, 0x03, 0xf4, 0xe9, 0xfd, 0xe0, 0xfb, 0x41, 0xfc, 0x2b, 0xfe, 0x77, 0xff, 0xdb, 0xff, 0xbb, 0xff, 0xbb, 0xff, 0x99, 0xff, 0x6e, 0xfe, 0xc4, 0xfc, 0x06, 0xfd, 0x6f, 0xfe, 0x8d, 0xfd, 0x0b, 0xfd, 0x2a, 0xfd, 0x50, 0xfe, 0x09, 0xfd, 0x82, 0xfb, 0xe1, 0xe2, 0xa4, 0xf3, 0xcf, 0xfd, 0x31, 0xfe, 0xaf, 0xfd, 0xd6, 0xfe, 0x94, 0xfe, 0xd5, 0xfe, 0x73, 0xfe, 
  0x41, 0xfa, 0x48, 0xfc, 0x04, 0xf2, 0x87, 0xea, 0x32, 0xf6, 0xb5, 0xfe, 0x2f, 0xf5, 0xe6, 0xf2, 0xc9, 0xf4, 0x93, 0xfe, 0xf6, 0xfe, 0xd4, 0xfe, 0x37, 0xff, 0xb3, 0xfe, 0x49, 0xfd, 0x03, 0xfb, 0x62, 0xfb, 0x8a, 0xfd, 0xa5, 0xeb, 0x0d, 0xfe, 0x6e, 0xfe, 0x07, 0xf4, 0x2d, 0xf5, 0xbc, 0xff, 0x78, 0xff, 0xa9, 0xfd, 0x43, 0xfc, 0x08, 0xf5, 0x44, 0xdb, 0x65, 0xdb, 0x85, 0xe3, 0x51, 0xfe, 0x8e, 0xfe, 0x44, 0xfd, 0x03, 0xfd, 0x26, 0xfd, 0x26, 0xfd, 0x62, 0xfc, 0xe1, 0xf2, 0x22, 0xfc, 0x65, 0xfd, 0xe3, 0xfc, 0x86, 0xf4, 0x34, 0xff, 0xcc, 0xfd, 0xc9, 0xfd, 0x84, 0xe3, 0x0a, 0xfe, 0x63, 0xfc, 0x02, 0xfc, 0xea, 0xfd, 0xc3, 0xeb, 0xe5, 0xfb, 0xa8, 0xf4, 0x85, 0xeb, 0x49, 0xec, 0x16, 0xff, 0xae, 0xfd, 0xc3, 0xe2, 0x42, 0xfb, 0xe4, 0xfc, 0x87, 0xfd, 0xd2, 0xfe, 0x6a, 0xfd, 0x64, 0xfc, 0xa5, 0xfc, 0x05, 0xf4, 0xe9, 0xfc, 0x43, 0xfc, 0xe3, 0xfb, 0x29, 0xfd, 0xc4, 0xeb, 0x8a, 0xfc, 0x07, 0xec, 0x0c, 0xfe, 0xb0, 0xfe, 0xa9, 0xfd, 0x83, 0xfc, 0x43, 0xfc, 0x26, 0xfd, 0xeb, 0xfd, 0x26, 0xfd, 0x48, 0xfd, 0xa5, 0xf3, 0xe7, 0xeb, 0xcb, 0xf5, 0x58, 0xff, 0x33, 0xf6, 0xae, 0xf4, 0x8b, 0xfd, 0xd2, 0xfe, 0xf3, 0xfe, 0x78, 0xff, 0x77, 0xff, 0x6d, 0xfe, 0x25, 0xfd, 0x62, 0xfc, 0xc8, 0xfd, 0x0d, 0xfe, 0x4b, 0xfd, 0x4b, 0xfd, 0x4b, 0xfd, 0x28, 0xfd, 0x25, 0xfd, 0x04, 0xfd, 0xd1, 0xfe, 0x9a, 0xff, 0xb4, 0xfe, 0xa6, 0xfc, 0x8b, 0xfd, 0x6e, 0xfe, 0x8a, 0xfd, 0x25, 0xf4, 0xc5, 0xeb, 0xc4, 0xeb, 0xe4, 0xf3, 0x6f, 0xfe, 0xea, 0xfd, 0xea, 0xfd, 0xea, 0xfd, 0xc9, 0xfd, 0xe9, 0xfd, 0xcd, 0xfd, 0x51, 0xfe, 0x93, 0xfe, 0xcb, 0xfd, 0x04, 0xfd, 0xc3, 0xfc, 0x4d, 0xfe, 0xd3, 0xfe, 0xe6, 0xf4, 0x23, 0xf4, 0x0a, 0xfe, 0xc1, 0xfb, 0xe0, 0xfb, 0xa7, 0xfd, 0x34, 0xff, 0xbb, 0xff, 0xdc, 0xff, 0xbb, 0xff, 0x56, 0xff, 0x68, 0xfd, 0xa4, 0xfc, 0x68, 0xfd, 0x4f, 0xfe, 0x6b, 0xfd, 0x0a, 0xfd, 0x2f, 0xfe, 0x0e, 0xfe, 0x65, 0xfc, 0x01, 0xeb, 0xe2, 0xda, 0xc5, 0xf3, 0xaf, 0xfd, 0xf0, 0xfd, 0x31, 0xfe, 0x73, 0xfe, 0x31, 0xfe, 0x73, 0xfe, 0x52, 0xfe, 
  0x40, 0xf9, 0x04, 0xfb, 0x06, 0xf3, 0x87, 0xea, 0x73, 0xfe, 0xaf, 0xfd, 0xab, 0xfc, 0xe6, 0xf2, 0x87, 0xfc, 0x10, 0xfe, 0x17, 0xff, 0xd4, 0xfe, 0xf5, 0xfe, 0x50, 0xfe, 0xe8, 0xfc, 0xa2, 0xfa, 0x63, 0xfb, 0x8a, 0xfd, 0x27, 0xf4, 0x90, 0xfe, 0xd2, 0xfe, 0x89, 0xf4, 0x8e, 0xf5, 0xbc, 0xff, 0x78, 0xff, 0x88, 0xfd, 0x03, 0xfc, 0xc6, 0xf4, 0x65, 0xe3, 0x65, 0xe3, 0x85, 0xe3, 0x50, 0xfe, 0x2b, 0xfe, 0x82, 0xfc, 0x82, 0xfc, 0xa4, 0xfc, 0xca, 0xfd, 0x21, 0xfc, 0xc1, 0xf2, 0x62, 0xf3, 0x68, 0xfd, 0x25, 0xfd, 0xa9, 0xec, 0xd1, 0xfe, 0xec, 0xfd, 0x27, 0xfd, 0xa4, 0xeb, 0xca, 0xfd, 0x23, 0xfc, 0xc2, 0xfb, 0xca, 0xfd, 0xc7, 0xf4, 0xa3, 0xfb, 0x47, 0xfc, 0x66, 0xfc, 0xcc, 0xfd, 0xf5, 0xfe, 0xcc, 0xfd, 0x24, 0xeb, 0x22, 0xfb, 0xc4, 0xfc, 0xa8, 0xfd, 0xd3, 0xfe, 0x6f, 0xfe, 0xc9, 0xfd, 0x88, 0xfd, 0xa8, 0xf4, 0xa8, 0xfc, 0x66, 0xfd, 0xc4, 0xfc, 0xc6, 0xe3, 0x24, 0xdb, 0x88, 0xe3, 0xe8, 0xf4, 0xd2, 0xfe, 0xb1, 0xfe, 0x47, 0xfd, 0xe1, 0xfb, 0xa2, 0xfb, 0xa4, 0xfc, 0xad, 0xfd, 0xe2, 0xfb, 0x27, 0xfd, 0x06, 0xfc, 0x08, 0xf4, 0xcc, 0xfd, 0x78, 0xff, 0x13, 0xfe, 0x2f, 0xfd, 0x4b, 0xfd, 0x36, 0xff, 0xf3, 0xfe, 0x57, 0xff, 0x57, 0xff, 0x4c, 0xfe, 0x63, 0xfc, 0x01, 0xfc, 0xe9, 0xfd, 0x07, 0xfd, 0xa7, 0xfc, 0x4b, 0xfd, 0x29, 0xfd, 0xc6, 0xfc, 0xc3, 0xfc, 0xe4, 0xfc, 0xb1, 0xfe, 0x7a, 0xff, 0xb3, 0xfe, 0x45, 0xfc, 0xee, 0xfd, 0x90, 0xfe, 0x2e, 0xfe, 0x6c, 0xfd, 0x09, 0xfd, 0x08, 0xfd, 0xc8, 0xfc, 0x4e, 0xfe, 0x68, 0xfd, 0x87, 0xfd, 0xc9, 0xfd, 0x46, 0xfd, 0x87, 0xfd, 0x49, 0xfd, 0xce, 0xfd, 0x0e, 0xfe, 0x26, 0xfd, 0xa3, 0xfc, 0x62, 0xfc, 0x2c, 0xfe, 0xf3, 0xfe, 0xe6, 0xf4, 0x23, 0xf4, 0x0a, 0xfe, 0xe1, 0xfb, 0x80, 0xf3, 0x25, 0xfd, 0xd0, 0xfe, 0x98, 0xff, 0xba, 0xff, 0x99, 0xff, 0xb0, 0xfe, 0xa3, 0xfc, 0xa4, 0xfc, 0xa9, 0xfd, 0xee, 0xfd, 0x4b, 0xfd, 0x6b, 0xfd, 0x92, 0xfe, 0x8b, 0xfd, 0xc3, 0xfb, 0xc1, 0xda, 0xe2, 0xda, 0xe5, 0xf3, 0xaf, 0xfd, 0xf0, 0xfd, 0x32, 0xfe, 0xcf, 0xfd, 0xef, 0xfd, 0x11, 0xfe, 0x11, 0xfe, 
  0xc0, 0xf8, 0xc1, 0xf9, 0x87, 0xf3, 0x66, 0xf2, 0x52, 0xfe, 0xa9, 0xfc, 0xc6, 0xfb, 0x05, 0xf3, 0x46, 0xfc, 0xcf, 0xfd, 0xb4, 0xfe, 0xb3, 0xfe, 0x92, 0xfe, 0xcc, 0xfd, 0x46, 0xfc, 0x62, 0xf2, 0x43, 0xfb, 0x8b, 0xfd, 0xe9, 0xf4, 0x70, 0xfe, 0xd3, 0xfe, 0xcb, 0xf4, 0xce, 0xfd, 0x9a, 0xff, 0x78, 0xff, 0x47, 0xfd, 0xe3, 0xfb, 0x85, 0xf4, 0x65, 0xe3, 0x65, 0xe3, 0xa5, 0xeb, 0x50, 0xfe, 0xca, 0xfd, 0xc1, 0xfb, 0x01, 0xfc, 0x22, 0xfc, 0xcb, 0xfd, 0x43, 0xfc, 0xa4, 0xfc, 0x43, 0xfc, 0xa5, 0xfc, 0x24, 0xf4, 0xae, 0xf5, 0x0b, 0xfe, 0xaa, 0xfd, 0x8b, 0xfd, 0xc3, 0xfb, 0x4a, 0xf5, 0x25, 0xfc, 0x83, 0xfb, 0x48, 0xfd, 0x8a, 0xfd, 0x82, 0xf3, 0xe4, 0xfb, 0x46, 0xf4, 0x71, 0xfe, 0x71, 0xfe, 0x27, 0xfd, 0x64, 0xf3, 0x22, 0xfb, 0xe5, 0xfc, 0xca, 0xfd, 0xd2, 0xfe, 0x15, 0xff, 0xb1, 0xfe, 0x8f, 0xfe, 0x89, 0xfd, 0x89, 0xfd, 0x2d, 0xfe, 0xeb, 0xfd, 0x85, 0xfc, 0x42, 0xeb, 0x66, 0xf4, 0x6f, 0xfe, 0x15, 0xff, 0x6f, 0xfe, 0x84, 0xfc, 0x01, 0xfb, 0xe2, 0xfa, 0x03, 0xfc, 0x6d, 0xfd, 0xa1, 0xfa, 0x44, 0xfc, 0xc9, 0xfc, 0x08, 0xf4, 0x2f, 0xfe, 0xf4, 0xfe, 0xd1, 0xfd, 0xee, 0xfc, 0xc8, 0xfc, 0x36, 0xff, 0x14, 0xff, 0x56, 0xff, 0x35, 0xff, 0x0a, 0xfe, 0xc2, 0xfb, 0xc2, 0xfb, 0xea, 0xfd, 0x07, 0xfd, 0x89, 0xfd, 0x2a, 0xfd, 0xc7, 0xfc, 0x64, 0xfc, 0x63, 0xfc, 0xa4, 0xfc, 0x70, 0xfe, 0x79, 0xff, 0x91, 0xfe, 0x25, 0xf4, 0x0f, 0xf6, 0x4f, 0xfe, 0x4f, 0xfe, 0xe9, 0xfc, 0x6b, 0xfd, 0x4a, 0xfd, 0xa8, 0xfc, 0x0e, 0xfe, 0x06, 0xfd, 0xc5, 0xfc, 0x26, 0xfd, 0xa3, 0xfc, 0x05, 0xfd, 0xe6, 0xfc, 0x07, 0xfd, 0x68, 0xfd, 0x62, 0xfc, 0x83, 0xfc, 0x62, 0xfc, 0xeb, 0xfd, 0x90, 0xfe, 0x85, 0xf4, 0xa1, 0xeb, 0xea, 0xfd, 0x22, 0xfc, 0x60, 0xf3, 0x82, 0xfc, 0x2b, 0xfe, 0x13, 0xff, 0x55, 0xff, 0x13, 0xff, 0xa9, 0xfd, 0x21, 0xfc, 0xc5, 0xfc, 0xca, 0xfd, 0x8c, 0xfd, 0x2a, 0xfd, 0x92, 0xfe, 0x51, 0xfe, 0xc7, 0xfc, 0x21, 0xf3, 0xa2, 0xca, 0xc3, 0xd2, 0xe6, 0xf3, 0x8e, 0xfd, 0xf0, 0xfd, 0xcf, 0xfd, 0x0b, 0xfd, 0xae, 0xfd, 0x8e, 0xfd, 0xae, 0xfd, 
  0xa0, 0xf8, 0xe1, 0xf8, 0x86, 0xfb, 0x45, 0xea, 0xf0, 0xfd, 0xa7, 0xfb, 0xc3, 0xfa, 0x25, 0xf3, 0x05, 0xfc, 0xcf, 0xfd, 0x0b, 0xfd, 0x52, 0xfe, 0xad, 0xfd, 0x08, 0xfd, 0xa4, 0xfb, 0x43, 0xea, 0x03, 0xfb, 0x4a, 0xfd, 0xcd, 0xfd, 0xcb, 0xfd, 0x90, 0xfe, 0xab, 0xf4, 0xed, 0xfd, 0x58, 0xff, 0x57, 0xff, 0xc5, 0xfc, 0xc2, 0xfb, 0x45, 0xf4, 0x65, 0xe3, 0x65, 0xe3, 0xc6, 0xeb, 0x4f, 0xfe, 0xcc, 0xfd, 0xa6, 0xfc, 0xa4, 0xfc, 0x22, 0xfc, 0x2f, 0xfe, 0xd1, 0xfe, 0xeb, 0xfd, 0x47, 0xfd, 0x2b, 0xfe, 0x4d, 0xfe, 0xb1, 0xfe, 0xc4, 0xfc, 0xa9, 0xfd, 0x49, 0xfd, 0x04, 0xfc, 0x29, 0xfd, 0x26, 0xf4, 0x83, 0xf3, 0x45, 0xfc, 0xec, 0xfd, 0xe4, 0xeb, 0x41, 0xf3, 0x87, 0xf4, 0x51, 0xfe, 0xcc, 0xfd, 0x44, 0xfc, 0x03, 0xf3, 0x22, 0xfb, 0x07, 0xfd, 0x0b, 0xfe, 0xd3, 0xfe, 0x58, 0xff, 0x36, 0xff, 0x36, 0xff, 0xf4, 0xfe, 0x35, 0xff, 0xf3, 0xfe, 0xd3, 0xfe, 0x2c, 0xfe, 0xea, 0xfd, 0x90, 0xfe, 0xf5, 0xfe, 0xd3, 0xfe, 0x48, 0xfd, 0x22, 0xfb, 0x43, 0xfa, 0x42, 0xf2, 0x63, 0xfb, 0xeb, 0xf4, 0xc1, 0xf1, 0xe1, 0xfa, 0xea, 0xfc, 0xab, 0xf4, 0x2f, 0xfe, 0x0f, 0xfe, 0x0b, 0xfd, 0xcc, 0xfc, 0x46, 0xfc, 0xf4, 0xfe, 0x15, 0xff, 0xf4, 0xfe, 0xb1, 0xfe, 0x88, 0xfd, 0x01, 0xfb, 0x62, 0xf3, 0xca, 0xfd, 0xcd, 0xf5, 0x6f, 0xfe, 0xc8, 0xfc, 0x24, 0xfc, 0x02, 0xfc, 0xe2, 0xfb, 0x23, 0xfc, 0x2e, 0xfe, 0x17, 0xff, 0x2f, 0xfe, 0xe4, 0xfb, 0xce, 0xf5, 0xca, 0xfd, 0x0d, 0xfe, 0x24, 0xfc, 0x65, 0xfc, 0x24, 0xfc, 0xc3, 0xfb, 0xcc, 0xfd, 0x64, 0xfc, 0xa2, 0xfb, 0x02, 0xfc, 0x81, 0xfb, 0x64, 0xfc, 0x64, 0xfc, 0x02, 0xfc, 0x62, 0xfc, 0xa1, 0xf3, 0x83, 0xfc, 0xe5, 0xfc, 0xab, 0xfd, 0xed, 0xfd, 0xe1, 0xf3, 0x40, 0xe3, 0x68, 0xfd, 0xa4, 0xfc, 0x60, 0xeb, 0xe1, 0xfb, 0x44, 0xfd, 0x0a, 0xfe, 0x4c, 0xfe, 0xc9, 0xfd, 0x62, 0xfc, 0x41, 0xfc, 0xc5, 0xfc, 0x8a, 0xfd, 0x6b, 0xfd, 0xb3, 0xfe, 0xb4, 0xfe, 0xac, 0xfd, 0xa3, 0xfb, 0xa1, 0xda, 0xa3, 0xc2, 0xc3, 0xca, 0x06, 0xf4, 0x8f, 0xfd, 0xaf, 0xfd, 0xea, 0xfc, 0x68, 0xfc, 0x0b, 0xfd, 0xc9, 0xfc, 0x0b, 0xfd, 
  0xc0, 0xf8, 0xc1, 0xf8, 0xa2, 0xf9, 0x87, 0xf3, 0x0b, 0xfd, 0xe4, 0xfa, 0xe1, 0xf9, 0x04, 0xfb, 0xe6, 0xfb, 0x0c, 0xfd, 0xe4, 0xf2, 0x6d, 0xfd, 0xa7, 0xfc, 0x44, 0xfc, 0x03, 0xf3, 0x23, 0xe2, 0xc3, 0xfa, 0x09, 0xfd, 0xee, 0xfd, 0xe6, 0xfc, 0x0c, 0xfe, 0x49, 0xf4, 0x0d, 0xfe, 0xf4, 0xfe, 0xf3, 0xfe, 0x24, 0xfc, 0x63, 0xfb, 0x45, 0xfc, 0x45, 0xe3, 0x65, 0xeb, 0xe6, 0xeb, 0x2d, 0xfe, 0x10, 0xfe, 0x53, 0xfe, 0xad, 0xfd, 0x28, 0xfd, 0x37, 0xff, 0x36, 0xff, 0x07, 0xec, 0xe3, 0xfb, 0x06, 0xfd, 0x4d, 0xfe, 0xe7, 0xfc, 0xa2, 0xfb, 0xaa, 0xfd, 0x86, 0xfc, 0xe3, 0xea, 0x0a, 0xfd, 0x05, 0xf4, 0x84, 0xeb, 0x42, 0xeb, 0x28, 0xfd, 0x4a, 0xfd, 0xe4, 0xeb, 0xad, 0xfd, 0x8b, 0xfd, 0x85, 0xfc, 0xc3, 0xfb, 0xa3, 0xea, 0x03, 0xf3, 0xe7, 0xfc, 0x2d, 0xfe, 0xb3, 0xfe, 0x59, 0xff, 0x7a, 0xff, 0x9a, 0xff, 0x9a, 0xff, 0x9a, 0xff, 0x57, 0xff, 0x37, 0xff, 0xf4, 0xfe, 0xd2, 0xfe, 0x15, 0xff, 0xf4, 0xfe, 0xab, 0xfd, 0x62, 0xfb, 0xe1, 0xf1, 0x04, 0xe2, 0x04, 0xe2, 0x03, 0xfb, 0x08, 0xf4, 0x80, 0xf1, 0xe1, 0xf9, 0xe6, 0xfb, 0xed, 0xfc, 0xce, 0xf5, 0x2b, 0xfd, 0x07, 0xfc, 0x88, 0xfc, 0x45, 0xfc, 0x30, 0xfe, 0x51, 0xfe, 0x6f, 0xfe, 0xeb, 0xfd, 0x48, 0xfd, 0xa2, 0xea, 0xe2, 0xf2, 0xcb, 0xfd, 0xf4, 0xfe, 0x91, 0xfe, 0x28, 0xfd, 0xa2, 0xf3, 0xc3, 0xf3, 0x83, 0xfb, 0xa3, 0xfb, 0xab, 0xfd, 0xb4, 0xfe, 0xcb, 0xfd, 0x27, 0xec, 0x2c, 0xf5, 0xc6, 0xfc, 0x49, 0xfd, 0xa3, 0xf3, 0x20, 0xf3, 0x20, 0xf3, 0x06, 0xfc, 0x6a, 0xfd, 0xa3, 0xfb, 0x81, 0xf2, 0xa0, 0xfa, 0x81, 0xf2, 0xc4, 0xfb, 0xe3, 0xf3, 0x61, 0xeb, 0x60, 0xf3, 0x41, 0xe3, 0x63, 0xfc, 0x68, 0xfd, 0xe8, 0xf4, 0xec, 0xfd, 0x01, 0xfc, 0x40, 0xdb, 0x84, 0xf4, 0x25, 0xfd, 0x60, 0xf3, 0x60, 0xf3, 0x01, 0xfc, 0xa2, 0xfc, 0xc3, 0xfc, 0x42, 0xfc, 0xa0, 0xfb, 0x42, 0xfc, 0xc4, 0xfc, 0xed, 0xfd, 0xf5, 0xfe, 0xd4, 0xfe, 0xee, 0xfd, 0x46, 0xfc, 0xc1, 0xda, 0x82, 0xc2, 0xe3, 0xc2, 0xc3, 0xca, 0x68, 0xf4, 0x6d, 0xfd, 0xc9, 0xfc, 0x05, 0xfc, 0xc5, 0xf3, 0x27, 0xfc, 0xe5, 0xfb, 0x26, 0xfc, 
  0xc0, 0xf8, 0xc1, 0xf0, 0xe1, 0xe8, 0xe9, 0xf3, 0xc6, 0xfb, 0xe2, 0xf9, 0x82, 0xe9, 0x02, 0xfa, 0x28, 0xfc, 0xa5, 0xfb, 0x82, 0xd9, 0x29, 0xec, 0xe4, 0xfb, 0x83, 0xfb, 0x83, 0xea, 0x23, 0xda, 0x83, 0xf2, 0x88, 0xfc, 0x8c, 0xfd, 0xc3, 0xfb, 0x69, 0xfd, 0x69, 0xf4, 0x8a, 0xfd, 0xb3, 0xfe, 0x2e, 0xfe, 0x84, 0xfb, 0x03, 0xf3, 0x65, 0xfc, 0x25, 0xeb, 0x65, 0xeb, 0xe7, 0xeb, 0xab, 0xfd, 0xad, 0xfd, 0x94, 0xfe, 0x32, 0xfe, 0x92, 0xfe, 0x15, 0xff, 0x13, 0xf6, 0x83, 0xd2, 0xc3, 0xe2, 0x64, 0xf3, 0xc3, 0xfb, 0xa2, 0xea, 0x22, 0xf3, 0xab, 0xfd, 0x43, 0xeb, 0x46, 0xeb, 0xca, 0xf4, 0xc4, 0xfb, 0x84, 0xeb, 0x43, 0xeb, 0x63, 0xfb, 0x6a, 0xfd, 0xee, 0xfd, 0xac, 0xfd, 0xe4, 0xfb, 0xc2, 0xfa, 0x42, 0xfb, 0x63, 0xda, 0xa2, 0xe2, 0x65, 0xfc, 0x2e, 0xfe, 0x70, 0xfe, 0xf5, 0xfe, 0x9b, 0xff, 0x9b, 0xff, 0x9b, 0xff, 0x9c, 0xff, 0x36, 0xff, 0x15, 0xff, 0x37, 0xff, 0x15, 0xff, 0xd4, 0xfe, 0x8a, 0xfd, 0x42, 0xfb, 0xe1, 0xe9, 0x60, 0xd1, 0xc2, 0xd1, 0x25, 0xda, 0xe3, 0xf2, 0xe4, 0xf2, 0x80, 0xf1, 0x80, 0xe9, 0xa2, 0xfa, 0xca, 0xfc, 0x4b, 0xfd, 0x48, 0xfc, 0x24, 0xfb, 0xc4, 0xfb, 0x67, 0xfc, 0xc8, 0xfc, 0x69, 0xf4, 0xec, 0xfd, 0xe7, 0xfc, 0xe7, 0xfc, 0x66, 0xe3, 0x82, 0xe2, 0x8b, 0xfd, 0xd5, 0xfe, 0x0d, 0xfe, 0x70, 0xfe, 0xec, 0xec, 0x25, 0xec, 0x23, 0xf3, 0x23, 0xfb, 0x08, 0xfd, 0x94, 0xfe, 0x09, 0xfd, 0x2b, 0xed, 0x68, 0xec, 0xe3, 0xfb, 0x04, 0xfc, 0x05, 0xf4, 0x00, 0xf3, 0x83, 0xf3, 0xa9, 0xfc, 0xa6, 0xfc, 0xc1, 0xfa, 0xe0, 0xd1, 0xc0, 0xd1, 0xc1, 0xc9, 0x22, 0xeb, 0x42, 0xf3, 0x42, 0xe3, 0x42, 0xe3, 0x84, 0xdb, 0x01, 0xfc, 0x27, 0xf5, 0xa7, 0xf4, 0xeb, 0xfd, 0x81, 0xeb, 0x62, 0xd3, 0xc1, 0xeb, 0x24, 0xfd, 0x81, 0xf3, 0x40, 0xe3, 0x40, 0xeb, 0x60, 0xf3, 0x60, 0xf3, 0x40, 0xf3, 0xc1, 0xfb, 0xe0, 0xfb, 0x28, 0xfd, 0xb3, 0xfe, 0x50, 0xfe, 0x8b, 0xfd, 0x87, 0xf4, 0xc2, 0xd2, 0xa3, 0xba, 0xc3, 0xc2, 0x04, 0xd3, 0x64, 0xe3, 0xa4, 0xf3, 0x67, 0xfc, 0x43, 0xeb, 0x44, 0xdb, 0xe7, 0xeb, 0x86, 0xe3, 0x85, 0xe3, 0x23, 0xeb, 
  0xa1, 0xe0, 0xc1, 0xe8, 0x02, 0xd9, 0x83, 0xfa, 0x28, 0xfc, 0x27, 0xf3, 0x06, 0xeb, 0xc8, 0xf3, 0x65, 0xfb, 0x42, 0xf2, 0x62, 0xc1, 0xe5, 0xda, 0x83, 0xfb, 0xa1, 0xfa, 0x42, 0xe2, 0x02, 0xda, 0x22, 0xea, 0xe6, 0xfb, 0xa9, 0xfc, 0x02, 0xfb, 0xa6, 0xfc, 0x0b, 0xf5, 0x66, 0xfc, 0x34, 0xf6, 0x0e, 0xfe, 0x04, 0xf3, 0xa4, 0xe2, 0x26, 0xf4, 0x27, 0xec, 0x46, 0xeb, 0x48, 0xec, 0xac, 0xfd, 0x24, 0xfc, 0xcf, 0xfd, 0x72, 0xfe, 0x4f, 0xfe, 0x2e, 0xfe, 0xcd, 0xfd, 0x05, 0xcb, 0x63, 0xca, 0xe8, 0xeb, 0x44, 0xc2, 0x02, 0xca, 0xe2, 0xfa, 0x28, 0xfd, 0x10, 0xfe, 0x49, 0xec, 0xab, 0xec, 0x23, 0xeb, 0xe3, 0xe2, 0x66, 0xf4, 0xe3, 0xf2, 0xe5, 0xfb, 0xe8, 0xfc, 0x84, 0xf3, 0x41, 0xea, 0x01, 0xe2, 0x41, 0xda, 0x42, 0xda, 0x62, 0xd2, 0x22, 0xf3, 0x6a, 0xfd, 0x48, 0xfd, 0x69, 0xfd, 0x17, 0xff, 0x7b, 0xff, 0x9b, 0xff, 0x9a, 0xff, 0x8a, 0xfd, 0x2f, 0xfe, 0xb2, 0xfe, 0xd3, 0xfe, 0x49, 0xfd, 0xe2, 0xfa, 0x41, 0xd9, 0x21, 0xc1, 0x01, 0xb1, 0x40, 0xb9, 0xe3, 0xd1, 0xa2, 0xf2, 0x42, 0xf2, 0x60, 0xf1, 0x40, 0xe1, 0x81, 0xe1, 0x07, 0xf4, 0xc9, 0xfc, 0x86, 0xfb, 0x88, 0xfb, 0x02, 0xf3, 0xea, 0xf4, 0x03, 0xf3, 0x05, 0xe3, 0x6b, 0xfd, 0xa2, 0xfb, 0x24, 0xfc, 0x25, 0xfc, 0x42, 0xda, 0xe8, 0xfc, 0x0e, 0xfe, 0x49, 0xfd, 0x50, 0xfe, 0x0b, 0xf5, 0xa8, 0xfc, 0xe3, 0xea, 0x24, 0xf3, 0xc8, 0xfc, 0x35, 0xfe, 0xa6, 0xfb, 0xce, 0xfd, 0x06, 0xf4, 0x23, 0xfb, 0xa1, 0xfa, 0x47, 0xf4, 0x21, 0xf3, 0x25, 0xfc, 0x26, 0xfc, 0x41, 0xfb, 0xe1, 0xe1, 0x61, 0xb1, 0x61, 0xb1, 0x80, 0xb1, 0x61, 0xda, 0x03, 0xe3, 0xa5, 0xe3, 0x43, 0xdb, 0xa5, 0xdb, 0xa2, 0xeb, 0x44, 0xf4, 0x27, 0xfd, 0x85, 0xf4, 0x21, 0xd3, 0x82, 0xdb, 0x41, 0xdb, 0x21, 0xfc, 0x80, 0xf3, 0x00, 0xdb, 0xe0, 0xd2, 0xe0, 0xd2, 0x00, 0xdb, 0x20, 0xeb, 0xc0, 0xfb, 0x80, 0xfb, 0x07, 0xfd, 0xa7, 0xfc, 0x44, 0xfc, 0x25, 0xf4, 0x04, 0xcb, 0x04, 0xc3, 0x24, 0xd3, 0x03, 0xd3, 0xe4, 0xc2, 0xe4, 0xba, 0xe4, 0xc2, 0xe4, 0xc2, 0x04, 0xc3, 0x66, 0xd3, 0xa6, 0xe3, 0xa8, 0xfc, 0x82, 0xf3, 0xc2, 0xd2, 
};
const size_t Boot_img_size {sizeof(Boot_img) / sizeof(Boot_img[0])};


const unsigned short c_icon[300] PROGMEM = {
  0x0000, 0x0000, 0x0861, 0x39E7, 0x2965, 0x0000, 0x0000, 0x0000, 0x0000, 0x0000, 0x0000, 0x0000, 0x0000, 0x0000, 0x18C3, 0x39C7,  // 0x0010 (16) pixels
  0x18E3, 0x0000, 0x0000, 0x0000, 0x0000, 0x73AE, 0xFFDF, 0xDEDB, 0xFFFF, 0x52AA, 0x0000, 0x0000, 0x0000, 0x0000, 0x0000, 0x18C3,  // 0x0020 (32) pixels
  0xA514, 0xEF7D, 0xFFFF, 0xFFFF, 0xFFFF, 0xF79E, 0x8410, 0x0861, 0x2124, 0xEF7D, 0x2124, 0x0000, 0x528A, 0xF7BE, 0x0861, 0x0000,  // 0x0030 (48) pixels
  0x0000, 0x0000, 0x4A69, 0xF79E, 0xEF5D, 0x4A69, 0x18E3, 0x0841, 0x4208, 0x8410, 0xEF7D, 0x7BCF, 0x5ACB, 0xC618, 0x0000, 0x0000,  // 0x0040 (64) pixels
  0x0000, 0xFFFF, 0x2104, 0x0000, 0x0000, 0x1082, 0xEF5D, 0xEF5D, 0x18E3, 0x0000, 0x0000, 0x0000, 0x0000, 0x0000, 0x1082, 0x4228,  // 0x0050 (80) pixels
  0x2945, 0xEF7D, 0x2124, 0x0000, 0x4A69, 0xE73C, 0x0000, 0x0000, 0x0000, 0x9CD3, 0xFFFF, 0x738E, 0x0000, 0x0000, 0x0000, 0x0000,  // 0x0060 (96) pixels
  0x0000, 0x0000, 0x0000, 0x0000, 0x0000, 0x7BCF, 0xFFFF, 0xFFFF, 0xEF7D, 0x4A49, 0x0000, 0x0000, 0x0000, 0xF79E, 0xFFFF, 0x0841,  // 0x0070 (112) pixels
  0x0000, 0x0000, 0x0000, 0x0000, 0x0000, 0x0000, 0x0000, 0x0000, 0x0000, 0x0000, 0x0861, 0x3186, 0x0020, 0x0000, 0x0000, 0x0000,  // 0x0080 (128) pixels
  0x0020, 0xFFFF, 0xE73C, 0x0000, 0x0000, 0x0000, 0x0000, 0x0000, 0x0000, 0x0000, 0x0000, 0x0000, 0x0000, 0x0000, 0x0000, 0x0000,  // 0x0090 (144) pixels
  0x0000, 0x0000, 0x0000, 0x0000, 0x1082, 0xFFFF, 0xCE79, 0x0000, 0x0000, 0x0000, 0x0000, 0x0000, 0x0000, 0x0000, 0x0000, 0x0000,  // 0x00A0 (160) pixels
  0x0000, 0x0000, 0x0000, 0x0000, 0x0000, 0x0000, 0x0000, 0x0000, 0x0000, 0xFFDF, 0xE73C, 0x0000, 0x0000, 0x0000, 0x0000, 0x0000,  // 0x00B0 (176) pixels
  0x0000, 0x0000, 0x0000, 0x0000, 0x0000, 0x0000, 0x0000, 0x0000, 0x0000, 0x0000, 0x0000, 0x0000, 0x0000, 0xCE79, 0xFFFF, 0x0841,  // 0x00C0 (192) pixels
  0x0000, 0x0000, 0x0000, 0x0000, 0x0000, 0x0000, 0x0000, 0x0000, 0x0000, 0x0000, 0x0000, 0x0000, 0x0000, 0x0000, 0x0000, 0x0000,  // 0x00D0 (208) pixels
  0x0000, 0x73AE, 0xFFFF, 0x630C, 0x0000, 0x0000, 0x0000, 0x0000, 0x0000, 0x0000, 0x0000, 0x0000, 0x0000, 0x0000, 0x0000, 0x0000,  // 0x00E0 (224) pixels
  0x0000, 0x0000, 0x0000, 0x0000, 0x0000, 0x0841, 0xE73C, 0xE73C, 0x2945, 0x0000, 0x0000, 0x0000, 0x0000, 0x0000, 0x1082, 0x4228,  // 0x00F0 (240) pixels
  0x0000, 0x0000, 0x0000, 0x0000, 0x0000, 0x0000, 0x0000, 0x0000, 0x0000, 0x0000, 0x4A69, 0xF79E, 0xFFDF, 0x8C51, 0x5AEB, 0x4208,  // 0x0100 (256) pixels
  0x4228, 0x8430, 0xEF7D, 0x7BCF, 0x0000, 0x0000, 0x0000, 0x0000, 0x0000, 0x0000, 0x0000, 0x0000, 0x0000, 0x0000, 0x0000, 0x18C3,  // 0x0110 (272) pixels
  0xA514, 0xEF5D, 0xFFFF, 0xFFFF, 0xFFFF, 0xF79E, 0x8410, 0x0861, 0x0000, 0x0000, 0x0000, 0x0000, 0x0000, 0x0000, 0x0000, 0x0000,  // 0x0120 (288) pixels
  0x0000, 0x0000, 0x0000, 0x0000, 0x0000, 0x0000, 0x18C3, 0x39E7, 0x39C7, 0x0020, 0x0000, 0x0000
};

const unsigned short Fire[99] PROGMEM = {
  0x0000, 0x0000, 0x0000, 0x1040, 0xD3E6, 0x4962, 0x0000, 0x0000, 0x0000, 0x0000, 0x0000, 0x0000, 0xA304, 0xCBA6, 0xB345, 0x0000,  // 0x0010 (16) pixels
  0x0000, 0x0000, 0x0000, 0x0000, 0x0000, 0xDBE6, 0x28C1, 0xD3E6, 0x5182, 0x0000, 0x0000, 0x0000, 0x0000, 0x0000, 0xB325, 0x61C2,  // 0x0020 (32) pixels
  0x28C1, 0xE406, 0x5182, 0x0000, 0x0000, 0x59A2, 0x1880, 0x4142, 0xC385, 0x0000, 0x20A1, 0xE426, 0x30E1, 0x0020, 0xEC47, 0xA305,  // 0x0030 (48) pixels
  0x92A4, 0xB325, 0x0000, 0x0000, 0x61C3, 0xA304, 0x2080, 0xE426, 0x8A84, 0x9AC4, 0x1880, 0x0000, 0x0000, 0x28C1, 0xCBA6, 0x0000,  // 0x0040 (64) pixels
  0xEC47, 0x1040, 0x0000, 0x0000, 0x0000, 0x0000, 0x61C3, 0xA305, 0x0000, 0x9AC4, 0xA305, 0x0000, 0x0000, 0x0000, 0x1881, 0xE426,  // 0x0050 (80) pixels
  0x3901, 0x0000, 0x1040, 0xCBA6, 0xC385, 0x7A43, 0x8A84, 0xE406, 0x8263, 0x0000, 0x0000, 0x0000, 0x0020, 0x5182, 0x8263, 0x7223,  // 0x0060 (96) pixels
  0x30E1, 0x0000, 0x0000
};

const unsigned short Target[144] PROGMEM = {
  0x0000, 0x0000, 0x0000, 0x1041, 0x6986, 0x9208, 0x81C7, 0x38C3, 0x0000, 0x0000, 0x0000, 0x0000, 0x0000, 0x0000, 0x81E7, 0xEB4D,  // 0x0010 (16) pixels
  0x9228, 0x6165, 0x79C7, 0xD30C, 0xC2CB, 0x1861, 0x0000, 0x0000, 0x0000, 0x8A08, 0xBAAA, 0x1841, 0x5124, 0x9208, 0x71A6, 0x1041,  // 0x0020 (32) pixels
  0x6986, 0xDB2C, 0x1041, 0x0000, 0x30C3, 0xDB2C, 0x1041, 0xBAAA, 0xC2CB, 0x6986, 0x9208, 0xE32C, 0x30C3, 0x89E7, 0x9228, 0x0000,  // 0x0030 (48) pixels
  0x9A28, 0x6965, 0x79C7, 0xA269, 0x1861, 0x89E7, 0x4104, 0x4904, 0xDB0C, 0x1041, 0xEB4D, 0x0820, 0xC2CB, 0x38C3, 0xBAAA, 0x38E3,  // 0x0040 (64) pixels
  0xB28A, 0x9208, 0xE34D, 0x1861, 0xD30C, 0x2882, 0xCAEB, 0x28A2, 0xC2AA, 0x38C3, 0xBAAA, 0x40E3, 0xAA69, 0xB28A, 0xEB4D, 0x1841,  // 0x0050 (80) pixels
  0xD30C, 0x2082, 0xCAEB, 0x28A2, 0x9228, 0x71A6, 0x6986, 0xBAAA, 0x1041, 0x5945, 0x28A2, 0x5945, 0xCAEB, 0x1041, 0xEB4D, 0x0820,  // 0x0060 (96) pixels
  0x2082, 0xE34D, 0x1861, 0xA249, 0xD30C, 0x9A28, 0xB28A, 0xDB2C, 0x2082, 0x9A28, 0x81E7, 0x0000, 0x0000, 0x79A6, 0xCAEB, 0x2082,  // 0x0070 (112) pixels
  0x30C3, 0x6165, 0x4924, 0x1020, 0x89E7, 0xCAEB, 0x0820, 0x0000, 0x0000, 0x0000, 0x81C7, 0xE34D, 0x9A49, 0x71A6, 0x81E7, 0xCAEB,  // 0x0080 (128) pixels
  0xC2CB, 0x2061, 0x0000, 0x0000, 0x0000, 0x0000, 0x0000, 0x2061, 0x6165, 0x81E7, 0x71A6, 0x38E3, 0x0000, 0x0000, 0x0000, 0x0000,  // 0x0090 (144) pixels
};

const unsigned short Clock[132] PROGMEM = {
  0x0000, 0x0000, 0x0000, 0x08E2, 0x2327, 0x2C09, 0x2368, 0x0922, 0x0000, 0x0000, 0x0000, 0x0000, 0x0000, 0x2C49, 0x466E, 0x2BE9,  // 0x0010 (16) pixels
  0x1AC6, 0x23A8, 0x462E, 0x34EB, 0x0061, 0x0000, 0x0000, 0x34CB, 0x348A, 0x0061, 0x0000, 0x2347, 0x0020, 0x0020, 0x2BC8, 0x3DAD,  // 0x0020 (32) pixels
  0x0040, 0x1A65, 0x3D8C, 0x0020, 0x0000, 0x0000, 0x464E, 0x08A1, 0x0000, 0x0000, 0x34AB, 0x2327, 0x352B, 0x1204, 0x0000, 0x0000,  // 0x0030 (48) pixels
  0x0000, 0x464E, 0x08A1, 0x0000, 0x0000, 0x0902, 0x464E, 0x460E, 0x08E2, 0x0000, 0x0000, 0x0000, 0x464E, 0x0943, 0x0000, 0x0000,  // 0x0040 (64) pixels
  0x0000, 0x466E, 0x460E, 0x08E2, 0x0000, 0x0000, 0x0000, 0x1AC6, 0x464E, 0x348A, 0x0020, 0x0000, 0x466F, 0x34EB, 0x1A45, 0x0000,  // 0x0050 (80) pixels
  0x0000, 0x0000, 0x0000, 0x0060, 0x1A65, 0x0020, 0x0943, 0x460E, 0x11E4, 0x3DED, 0x0040, 0x0000, 0x0000, 0x0000, 0x0000, 0x0000,  // 0x0060 (96) pixels
  0x0000, 0x352B, 0x1AC6, 0x0000, 0x2C49, 0x3D2C, 0x00A1, 0x0000, 0x0000, 0x0000, 0x0040, 0x348A, 0x350B, 0x0020, 0x0000, 0x0000,  // 0x0070 (112) pixels
  0x2347, 0x466E, 0x34EB, 0x2C29, 0x34CB, 0x466E, 0x2C09, 0x0040, 0x0000, 0x0000, 0x0000, 0x0000, 0x0081, 0x1225, 0x1AC6, 0x1A45,  // 0x0080 (128) pixels
  0x08C1, 0x0000, 0x0000, 0x0000
};

const unsigned short Reflow[144] PROGMEM = {
  0x0000, 0x0000, 0x0000, 0x0000, 0x0000, 0x0021, 0x32B0, 0x21CB, 0x0000, 0x0000, 0x0000, 0x0000, 0x0000, 0x0000, 0x0000, 0x0000,  // 0x0010 (16) pixels
  0x0000, 0x3B33, 0x3B53, 0x547B, 0x1126, 0x0000, 0x0000, 0x0000, 0x0000, 0x19AA, 0x5CFD, 0x545A, 0x0862, 0x43B5, 0x1989, 0x43B5,  // 0x0020 (32) pixels
  0x1989, 0x0000, 0x0000, 0x0000, 0x0000, 0x4395, 0x21AA, 0x43D6, 0x1989, 0x43B5, 0x1989, 0x43B5, 0x1989, 0x0000, 0x0000, 0x0000,  // 0x0030 (48) pixels
  0x0000, 0x43B5, 0x1989, 0x43B5, 0x1989, 0x43B5, 0x1989, 0x43B5, 0x1989, 0x0000, 0x0000, 0x0000, 0x0000, 0x4BD7, 0x1968, 0x43B5,  // 0x0040 (64) pixels
  0x1989, 0x43B5, 0x1989, 0x43B5, 0x1989, 0x19AA, 0x5CDD, 0x1127, 0x3B33, 0x4BF7, 0x0041, 0x43B5, 0x1989, 0x43B5, 0x1989, 0x43B5,  // 0x0050 (80) pixels
  0x1989, 0x4395, 0x21AA, 0x0000, 0x0000, 0x0000, 0x0000, 0x43B5, 0x1989, 0x43B5, 0x1989, 0x43B5, 0x1989, 0x43B5, 0x1989, 0x0000,  // 0x0060 (96) pixels
  0x0000, 0x0000, 0x0000, 0x43B5, 0x1989, 0x43B5, 0x1989, 0x4395, 0x21CB, 0x4BD7, 0x1968, 0x0000, 0x0000, 0x0000, 0x0000, 0x43B5,  // 0x0070 (112) pixels
  0x1989, 0x43B5, 0x1989, 0x1127, 0x5CDC, 0x4BF7, 0x0041, 0x0000, 0x0000, 0x0000, 0x0000, 0x32F1, 0x4BF7, 0x54BC, 0x10E5, 0x0000,  // 0x0080 (128) pixels
  0x0000, 0x0000, 0x0000, 0x0000, 0x0000, 0x0000, 0x0000, 0x0020, 0x21CA, 0x1147, 0x0000, 0x0000, 0x0000, 0x0000, 0x0000, 0x0000,  // 0x0090 (144) pixels
};

#endif // IMAGES_H